-- MySQL dump 10.13  Distrib 8.0.40, for Win64 (x86_64)
--
-- Host: 127.0.0.1    Database: textanalyser
-- ------------------------------------------------------
-- Server version	8.0.40

/*!40101 SET @OLD_CHARACTER_SET_CLIENT=@@CHARACTER_SET_CLIENT */;
/*!40101 SET @OLD_CHARACTER_SET_RESULTS=@@CHARACTER_SET_RESULTS */;
/*!40101 SET @OLD_COLLATION_CONNECTION=@@COLLATION_CONNECTION */;
/*!50503 SET NAMES utf8 */;
/*!40103 SET @OLD_TIME_ZONE=@@TIME_ZONE */;
/*!40103 SET TIME_ZONE='+00:00' */;
/*!40014 SET @OLD_UNIQUE_CHECKS=@@UNIQUE_CHECKS, UNIQUE_CHECKS=0 */;
/*!40014 SET @OLD_FOREIGN_KEY_CHECKS=@@FOREIGN_KEY_CHECKS, FOREIGN_KEY_CHECKS=0 */;
/*!40101 SET @OLD_SQL_MODE=@@SQL_MODE, SQL_MODE='NO_AUTO_VALUE_ON_ZERO' */;
/*!40111 SET @OLD_SQL_NOTES=@@SQL_NOTES, SQL_NOTES=0 */;

--
-- Table structure for table `credit_requests`
--

DROP TABLE IF EXISTS `credit_requests`;
/*!40101 SET @saved_cs_client     = @@character_set_client */;
/*!50503 SET character_set_client = utf8mb4 */;
CREATE TABLE `credit_requests` (
  `requestid` int NOT NULL AUTO_INCREMENT,
  `userid` int NOT NULL,
  `request_time` datetime DEFAULT NULL,
  `status` varchar(45) NOT NULL DEFAULT 'requested',
  `credits_granted` int NOT NULL DEFAULT '0',
  PRIMARY KEY (`requestid`),
  KEY `ref_users_creditrequests_idx` (`userid`),
  CONSTRAINT `ref_users_creditrequests` FOREIGN KEY (`userid`) REFERENCES `users` (`userid`) ON DELETE CASCADE ON UPDATE CASCADE
) ENGINE=InnoDB AUTO_INCREMENT=26 DEFAULT CHARSET=utf8mb4 COLLATE=utf8mb4_general_ci;
/*!40101 SET character_set_client = @saved_cs_client */;

--
-- Dumping data for table `credit_requests`
--

LOCK TABLES `credit_requests` WRITE;
/*!40000 ALTER TABLE `credit_requests` DISABLE KEYS */;
INSERT INTO `credit_requests` VALUES (1,2,'2025-02-22 10:25:46','Granted',5),(2,2,'2025-02-22 10:25:51','Rejected',5),(3,3,'2025-02-23 20:51:34','granted',5),(4,3,'2025-02-24 02:07:43','granted',5),(5,2,'2025-02-26 15:38:18','Granted',5),(6,2,'2025-02-26 16:44:49','granted',3),(7,2,'2025-02-26 19:40:38','granted',5),(8,2,'2025-02-26 19:55:22','granted',5),(9,2,'2025-02-26 19:56:40','granted',5),(10,2,'2025-02-26 19:57:11','granted',5),(11,2,'2025-02-26 20:01:46','granted',5),(12,2,'2025-02-26 20:14:33','granted',5),(13,2,'2025-02-26 20:17:14','granted',5),(14,2,'2025-02-26 20:18:33','granted',5),(15,2,'2025-02-26 20:27:04','granted',5),(16,2,'2025-02-26 22:33:46','rejected',5),(17,2,'2025-02-26 22:33:54','granted',5),(18,2,'2025-02-26 22:41:48','rejected',5),(19,2,'2025-02-26 22:41:58','rejected',5),(20,2,'2025-02-26 23:18:06','rejected',5),(21,2,'2025-02-26 23:18:46','granted',1),(22,2,'2025-02-26 23:18:58','granted',1),(23,2,'2025-02-27 07:16:12','granted',3),(24,2,'2025-02-27 07:18:26','granted',5),(25,2,'2025-02-27 21:17:11','granted',5);
/*!40000 ALTER TABLE `credit_requests` ENABLE KEYS */;
UNLOCK TABLES;

--
-- Table structure for table `deductions`
--

DROP TABLE IF EXISTS `deductions`;
/*!40101 SET @saved_cs_client     = @@character_set_client */;
/*!50503 SET character_set_client = utf8mb4 */;
CREATE TABLE `deductions` (
  `deadid` int NOT NULL AUTO_INCREMENT,
  `scanid` int NOT NULL,
  PRIMARY KEY (`deadid`),
  KEY `ref_deductions_scans_idx` (`scanid`),
  CONSTRAINT `ref_deductions_scans` FOREIGN KEY (`scanid`) REFERENCES `scanlist` (`scanid`) ON DELETE CASCADE ON UPDATE CASCADE
) ENGINE=InnoDB AUTO_INCREMENT=3 DEFAULT CHARSET=utf8mb4 COLLATE=utf8mb4_general_ci;
/*!40101 SET character_set_client = @saved_cs_client */;

--
-- Dumping data for table `deductions`
--

LOCK TABLES `deductions` WRITE;
/*!40000 ALTER TABLE `deductions` DISABLE KEYS */;
INSERT INTO `deductions` VALUES (2,18),(1,19);
/*!40000 ALTER TABLE `deductions` ENABLE KEYS */;
UNLOCK TABLES;

--
-- Table structure for table `doc_data`
--

DROP TABLE IF EXISTS `doc_data`;
/*!40101 SET @saved_cs_client     = @@character_set_client */;
/*!50503 SET character_set_client = utf8mb4 */;
CREATE TABLE `doc_data` (
  `ddid` int NOT NULL AUTO_INCREMENT,
  `docid` int NOT NULL,
  `keyword` varchar(255) NOT NULL,
  `frequency` int NOT NULL DEFAULT '1',
  PRIMARY KEY (`ddid`),
  KEY `ref_scanlist_document_data_idx` (`docid`),
  CONSTRAINT `ref_scanlist_document_data` FOREIGN KEY (`docid`) REFERENCES `scanlist` (`scanid`) ON DELETE CASCADE ON UPDATE CASCADE
) ENGINE=InnoDB AUTO_INCREMENT=1746 DEFAULT CHARSET=utf8mb4 COLLATE=utf8mb4_general_ci;
/*!40101 SET character_set_client = @saved_cs_client */;

--
-- Dumping data for table `doc_data`
--

LOCK TABLES `doc_data` WRITE;
/*!40000 ALTER TABLE `doc_data` DISABLE KEYS */;
INSERT INTO `doc_data` VALUES (1,24,'love',1),(2,24,'the',1),(3,24,'scooby',1),(4,24,'doo',1),(5,24,'show',1),(6,24,'i',1),(7,24,'watching',1),(8,25,'a',1),(9,25,'big',1),(10,25,'fan',1),(11,25,'shinchan',1),(12,25,'of',1),(13,25,'show',1),(14,25,'i',1),(15,25,'am',1),(16,26,'the',1),(17,26,'cockroaches',1),(18,26,'like',1),(19,26,'and',1),(20,26,'show',1),(21,26,'i',1),(22,26,'oggy',1),(23,1,'123456',1),(24,1,'dealer',1),(25,1,'admin123',1),(26,1,'admin',1),(27,1,'1921680195',1),(28,2,'date',1),(29,2,'reports',1),(30,2,'year',6),(31,2,'use',1),(32,2,'available',4),(33,2,'rules',1),(34,2,'while',1),(35,2,'years',1),(36,2,'selects',1),(37,2,'that',2),(38,2,'june2024',1),(39,2,'shows',1),(40,2,'generated',1),(41,2,'2024',3),(42,2,'record',1),(43,2,'only',5),(44,2,'weather',1),(45,2,'should',2),(46,2,'july2024',1),(47,2,'from',2),(48,2,'generate',2),(49,2,'if',5),(50,2,'algorithm',1),(51,2,'all',2),(52,2,'generation',1),(53,2,'displayed',1),(54,2,'using',1),(55,2,'months',2),(56,2,'august',1),(57,2,'in',7),(58,2,'august2024',1),(59,2,'finally',1),(60,2,'format',1),(61,2,'july',1),(62,2,'is',2),(63,2,'monthyear',1),(64,2,'check',1),(65,2,'list',4),(66,2,'click',3),(67,2,'each',1),(68,2,'retrive',1),(69,2,'1',1),(70,2,'2',1),(71,2,'3',1),(72,2,'month',5),(73,2,'stop',1),(74,2,'daily',3),(75,2,'monthly',1),(76,2,'name',1),(77,2,'1the',1),(78,2,'here',3),(79,2,'be',3),(80,2,'3the',1),(81,2,'for',1),(82,2,'save',1),(83,2,'and',4),(84,2,'get',4),(85,2,'of',1),(86,2,'iteration',1),(87,2,'atleast',2),(88,2,'sheet',1),(89,2,'after',2),(90,2,'every',1),(91,2,'selecting',1),(92,2,'step6',1),(93,2,'workbook',3),(94,2,'step7',1),(95,2,'a',2),(96,2,'step4',1),(97,2,'step5',1),(98,2,'set',1),(99,2,'will',1),(100,2,'step8',1),(101,2,'display',2),(102,2,'step9',1),(103,2,'one',2),(104,2,'2the',1),(105,2,'start',1),(106,2,'step2',1),(107,2,'date1',1),(108,2,'step3',1),(109,2,'step1',1),(110,2,'the',19),(111,2,'with',1),(112,2,'june',1),(113,2,'sno',1),(114,2,'build',1),(115,2,'attaining',1),(116,2,'there',3),(117,2,'report',10),(118,2,'days',1),(119,2,'exists',2),(120,2,'to',4),(121,2,'complete',1),(122,2,'user',2),(123,3,'software',2),(124,3,'devoloping',1),(125,3,'usage',1),(126,3,'plantcrop',1),(127,3,'type',2),(128,3,'without',1),(129,3,'pestsinsects',1),(130,3,'these',1),(131,3,'3ways',1),(132,3,'depending',1),(133,3,'estimate',1),(134,3,'weather',2),(135,3,'differentiating',1),(136,3,'chemicals',5),(137,3,'sorts',1),(138,3,'manipulation',1),(139,3,'doubts',1),(140,3,'pest',6),(141,3,'images',3),(142,3,'using',2),(143,3,'natural',2),(144,3,'in',2),(145,3,'is',3),(146,3,'it',3),(147,3,'classification',1),(148,3,'insects',1),(149,3,'an',1),(150,3,'quality',2),(151,3,'as',2),(152,3,'chemical',1),(153,3,'left',1),(154,3,'processing',1),(155,3,'overtime',1),(156,3,'terminate',1),(157,3,'conditions',3),(158,3,'damage',7),(159,3,'other',2),(160,3,'be',1),(161,3,'pests',12),(162,3,'methods',1),(163,3,'soil',3),(164,3,'crops',4),(165,3,'grades',1),(166,3,'long',1),(167,3,'010',1),(168,3,'out',1),(169,3,'how',1),(170,3,'into',1),(171,3,'combact',1),(172,3,'ways',2),(173,3,'are',1),(174,3,'plants',1),(175,3,'by',3),(176,3,'get',2),(177,3,'have',1),(178,3,'after',2),(179,3,'so',3),(180,3,'together',1),(181,3,'a',2),(182,3,'caused',2),(183,3,'5finally',1),(184,3,'the',15),(185,3,'such',2),(186,3,'able',1),(187,3,'timeline',2),(188,3,'to',12),(189,3,'prone',1),(190,3,'sparys',1),(191,3,'rabi',1),(192,3,'data',1),(193,3,'use',2),(194,3,'plantscrops',1),(195,3,'used',1),(196,3,'upon',1),(197,3,'that',4),(198,3,'damageto',1),(199,3,'kharif',1),(200,3,'than',2),(201,3,'should',2),(202,3,'which',3),(203,3,'image',1),(204,3,'4the',1),(205,3,'particular',1),(206,3,'my',1),(207,3,'important',2),(208,3,'condition',1),(209,3,'opt',1),(210,3,'hybrid',2),(211,3,'effect',1),(212,3,'zaid',1),(213,3,'region',2),(214,3,'sustain',1),(215,3,'collect',1),(216,3,'crop',5),(217,3,'rather',1),(218,3,'2how',1),(219,3,'for',1),(220,3,'changes',1),(221,3,'scale',1),(222,3,'resistant',1),(223,3,'we',3),(224,3,'agriculture',2),(225,3,'prevent',1),(226,3,'can',4),(227,3,'causing',3),(228,3,'perhaps',1),(229,3,'common',1),(230,3,'and',9),(231,3,'of',21),(232,3,'0100',1),(233,3,'1which',1),(234,3,'scope',1),(235,3,'on',2),(236,3,'thoughts',1),(237,3,'types',3),(238,3,'or',2),(239,3,'determine',2),(240,3,'will',1),(241,3,'reqirements',1),(242,3,'control',9),(243,3,'also',2),(244,3,'spraying',1),(245,3,'any',1),(246,3,'factors',1),(247,3,'intensity',2),(248,3,'better',1),(249,3,'planting',1),(250,3,'ph',1),(251,3,'determining',3),(252,3,'further',1),(253,3,'time',1),(254,3,'humans',1),(255,4,'stack',1),(256,4,'webdevelopment',1),(257,4,'projects',4),(258,4,'several',1),(259,4,'internships',1),(260,4,'skills',1),(261,4,'worked',2),(262,4,'java',1),(263,4,'me',1),(264,4,'strenghs',1),(265,4,'programming',2),(266,4,'which',2),(267,4,'lerant',1),(268,4,'realtime',4),(269,4,'python',1),(270,4,'in',2),(271,4,'jvs',1),(272,4,'programmer',1),(273,4,'am',2),(274,4,'my',1),(275,4,'analysis',1),(276,4,'an',1),(277,4,'encorporating',1),(278,4,'undergone',1),(279,4,'most',1),(280,4,'as',1),(281,4,'were',1),(282,4,'creating',1),(283,4,'gave',1),(284,4,'managing',1),(285,4,'full',1),(286,4,'some',1),(287,4,'their',1),(288,4,'box',1),(289,4,'skilled',1),(290,4,'thinking',1),(291,4,'out',1),(292,4,'intrested',1),(293,4,'into',1),(294,4,'aspired',1),(295,4,'are',1),(296,4,'and',5),(297,4,'moreover',1),(298,4,'of',3),(299,4,'have',3),(300,4,'working',1),(301,4,'on',2),(302,4,'innovation',2),(303,4,'c',2),(304,4,'softwares',1),(305,4,'languages',1),(306,4,'i',5),(307,4,'the',1),(308,4,'such',1),(309,4,'what',1),(310,4,'websites',1),(311,5,'aspiring',1),(312,5,'projects',3),(313,5,'software',1),(314,5,'eager',1),(315,5,'about',1),(316,5,'handson',1),(317,5,'questions',1),(318,5,'focus',1),(319,5,'project',1),(320,5,'your',1),(321,5,'experience',1),(322,5,'collaborate',1),(323,5,'internships',1),(324,5,'skills',2),(325,5,'abilities',1),(326,5,'growing',1),(327,5,'java',1),(328,5,'continue',1),(329,5,'creatively',1),(330,5,'embracing',1),(331,5,'has',1),(332,5,'welcome',1),(333,5,'programming',1),(334,5,'knowledge',1),(335,5,'new',1),(336,5,'realtime',4),(337,5,'python',1),(338,5,'development',2),(339,5,'im',3),(340,5,'in',2),(341,5,'jvs',1),(342,5,'programmer',1),(343,5,'strengthened',1),(344,5,'my',3),(345,5,'analysis',1),(346,5,'an',1),(347,5,'technologies',1),(348,5,'at',1),(349,5,'looking',1),(350,5,'here',1),(351,5,'passionate',1),(352,5,'honed',1),(353,5,'web',1),(354,5,'are',1),(355,5,'and',6),(356,5,'ive',1),(357,5,'proficient',1),(358,5,'on',2),(359,5,'innovation',2),(360,5,'applying',1),(361,5,'website',1),(362,5,'c',2),(363,5,'explore',1),(364,5,'forward',1),(365,5,'i',1),(366,5,'excel',1),(367,5,'with',1),(368,5,'help',1),(369,5,'management',1),(370,5,'opensource',1),(371,5,'to',2),(372,5,'fullstack',1),(373,6,'projects',4),(374,6,'stmtbindparams',1),(375,6,'year',1),(376,6,'marginbottom',2),(377,6,'substrcountprojects',1),(378,6,'fillers',1),(379,6,'idclgname',1),(380,6,'prows',3),(381,6,'fbtn',1),(382,6,'rowmail',1),(383,6,'solid',1),(384,6,'specname',4),(385,6,'profile',1),(386,6,'stmtgetresult',1),(387,6,'idinspect',1),(388,6,'0',2),(389,6,'1',6),(390,6,'2',2),(391,6,'as',1),(392,6,'3',3),(393,6,'5',1),(394,6,'left',6),(395,6,'behanceid',4),(396,6,'classrs1work',1),(397,6,'role',1),(398,6,'postquery',1),(399,6,'serverrequestmethod',1),(400,6,'gold',3),(401,6,'result',1),(402,6,'by',2),(403,6,'idcolhold',1),(404,6,'close',2),(405,6,'a',2),(406,6,'divinput',1),(407,6,'website',1),(408,6,'address',4),(409,6,'set',1),(410,6,'functionalityi',1),(411,6,'right',4),(412,6,'columnname',2),(413,6,'transition',8),(414,6,'n',4),(415,6,'the',8),(416,6,'showoptions',1),(417,6,'namespecname',1),(418,6,'sansserif',6),(419,6,'styledisplayinlineblock',4),(420,6,'classgetquery',1),(421,6,'namefiller',1),(422,6,'colspan2spanphase2',1),(423,6,'namecertifications',1),(424,6,'retrieved',1),(425,6,'colspan2input',1),(426,6,'backgroundcolor',8),(427,6,'classrs1countrytd',1),(428,6,'red',4),(429,6,'div',11),(430,6,'readonlytdtr',9),(431,6,'post',1),(432,6,'classshowoptions',1),(433,6,'contact',3),(434,6,'includeconnection1php',1),(435,6,'idproname',1),(436,6,'sans',6),(437,6,'selectedoption',3),(438,6,'documentgetelementbyidisubmit',1),(439,6,'check',1),(440,6,'srcshowteamsjsjs',1),(441,6,'idunivname',1),(442,6,'ugdata',3),(443,6,'cleared',1),(444,6,'cursor',2),(445,6,'classrs2textarea',1),(446,6,'applied',1),(447,6,'placeholderuniversity',1),(448,6,'typetextjavascriptscript',1),(449,6,'nameportfolio',1),(450,6,'resultnumrows',1),(451,6,'urls',2),(452,6,'skillstextarea',1),(453,6,'nameugpg',1),(454,6,'typetext',19),(455,6,'classrs2',9),(456,6,'rowunivname',1),(457,6,'classrs3',1),(458,6,'classrs1university',1),(459,6,'tron',2),(460,6,'centerdiv',1),(461,6,'rowemail',1),(462,6,'rowskills',1),(463,6,'classdirect',1),(464,6,'idpassout',1),(465,6,'form',5),(466,6,'conclose',1),(467,6,'there',1),(468,6,'endforeach',1),(469,6,'alertform',1),(470,6,'select',6),(471,6,'fontsize',6),(472,6,'anytdtr',5),(473,6,'construct',1),(474,6,'namebehanceid',1),(475,6,'dataspantdtr',1),(476,6,'number',4),(477,6,'crows',3),(478,6,'else',1),(479,6,'action',1),(480,6,'if',10),(481,6,'large',6),(482,6,'in',2),(483,6,'iddirect',1),(484,6,'bytd',1),(485,6,'is',1),(486,6,'classrs1portfolio',1),(487,6,'script',3),(488,6,'certification',1),(489,6,'classtron',1),(490,6,'namegitid',1),(491,6,'behance',1),(492,6,'classrs1project',1),(493,6,'specialization',1),(494,6,'classrs1applied',1),(495,6,'rowlocation',1),(496,6,'trth',1),(497,6,'documentgetelementbyidinspectsubmit',1),(498,6,'submititi',1),(499,6,'relpreconnect',2),(500,6,'postcolumnname',2),(501,6,'stmtclose',1),(502,6,'classrs1contact',1),(503,6,'passout',5),(504,6,'trtd',16),(505,6,'margintop',1),(506,6,'table',5),(507,6,'rowcountry',1),(508,6,'typebotton',1),(509,6,'idbehanceid',1),(510,6,'2nd',2),(511,6,'nameproname',1),(512,6,'filled',1),(513,6,'nameunivname',1),(514,6,'onloadfunctionality1',1),(515,6,'superseth1divcenter',1),(516,6,'classrs1certifications',1),(517,6,'filler',4),(518,6,'php',8),(519,6,'auto',6),(520,6,'idcolumnname',1),(521,6,'mail',3),(522,6,'value8594',1),(523,6,'mailcount0',1),(524,6,'iddribbleid',1),(525,6,'body',2),(526,6,'valuephp',21),(527,6,'function',4),(528,6,'classrs1emailid',1),(529,6,'selected',2),(530,6,'readonlyphp',4),(531,6,'border',4),(532,6,'all',8),(533,6,'rowdegree',1),(534,6,'nameaddress',1),(535,6,'but2hover',1),(536,6,'3rd',1),(537,6,'rowprojects',1),(538,6,'linktd',2),(539,6,'dribbleid',4),(540,6,'classrs1dribble',1),(541,6,'classrs1current',1),(542,6,'gitid',4),(543,6,'roletd',1),(544,6,'idmail',1),(545,6,'idemail',1),(546,6,'retrieve',1),(547,6,'idcont3',1),(548,6,'idcont1',1),(549,6,'idcont2',1),(550,6,'easeinout',8),(551,6,'respective',1),(552,6,'sql',1),(553,6,'head',2),(554,6,'foreach',1),(555,6,'rowgitid',1),(556,6,'rowname',1),(557,6,'classrs1nametd',1),(558,6,'and',1),(559,6,'githubid',1),(560,6,'of',1),(561,6,'row',1),(562,6,'cursorpointer',3),(563,6,'rowcertification',1),(564,6,'idaddress',1),(565,6,'fontfamily',6),(566,6,'rowportfolio',1),(567,6,'100',5),(568,6,'rr0',1),(569,6,'methodpost',1),(570,6,'hrefhttpsfontsgoogleapiscomcss2familyopensansfamilypoppinswght600familyralewaywght400500600700800900displayswap',1),(571,6,'1px',1),(572,6,'nameclgname',1),(573,6,'but3',1),(574,6,'issetpostcolumnname',1),(575,6,'getquery',1),(576,6,'but2',1),(577,6,'rowproname',1),(578,6,'stylefloatleftmatcheslabelinput',1),(579,6,'classbrett',1),(580,6,'iddegree',1),(581,6,'echo',33),(582,6,'rs2',1),(583,6,'skills',3),(584,6,'rs1',1),(585,6,'rs3',1),(586,6,'readonly',9),(587,6,'classlastend',1),(588,6,'040622',1),(589,6,'buthover',1),(590,6,'height',7),(591,6,'10',1),(592,6,'pointer',2),(593,6,'15',1),(594,6,'stmtexecute',1),(595,6,'conprepareselect',1),(596,6,'nameemail',1),(597,6,'classrs1addresstd',1),(598,6,'nameprofiletype',1),(599,6,'input',10),(600,6,'rowugdata',1),(601,6,'classrs1behance',1),(602,6,'typebutton',2),(603,6,'20',3),(604,6,'max2030',1),(605,6,'25',5),(606,6,'appliedrole',4),(607,6,'certificationstextarea',1),(608,6,'namemailemailcont1cont2cont3degree',1),(609,6,'srows',4),(610,6,'rowsphp',4),(611,6,'matching',1),(612,6,'websitetd',1),(613,6,'into',1),(614,6,'typenumber',4),(615,6,'current',1),(616,6,'found',1),(617,6,'namecont2',1),(618,6,'rowpassout',1),(619,6,'namecont1',1),(620,6,'namename',1),(621,6,'namecont3',1),(622,6,'classrs1program',2),(623,6,'where',1),(624,6,'30',1),(625,6,'key',1),(626,6,'email',3),(627,6,'locationreload',1),(628,6,'35',1),(629,6,'black',4),(630,6,'colspan2h2view',1),(631,6,'td',31),(632,6,'panela',1),(633,6,'idteamof4',2),(634,6,'idteamof3',1),(635,6,'progress',1),(636,6,'erows',1),(637,6,'to',1),(638,6,'40',4),(639,6,'open',6),(640,6,'tr',16),(641,6,'idteamof2',1),(642,6,'but',1),(643,6,'country',5),(644,6,'namedegree',1),(645,6,'namecountry',1),(646,6,'nameexperience',1),(647,6,'queryinput',1),(648,6,'resultfetchassoc',1),(649,6,'idlinkreturn',1),(650,6,'white',5),(651,6,'classrs1specializationtd',1),(652,6,'cont1',3),(653,6,'valueh2no',1),(654,6,'typetextcss',1),(655,6,'classtarea2',1),(656,6,'classrs1profile',1),(657,6,'query',4),(658,6,'placeholderenter',22),(659,6,'degree',5),(660,6,'collapseorhold',1),(661,6,'rowclgname',1),(662,6,'classshowtimeh1view',1),(663,6,'supersetdiv',1),(664,6,'name',8),(665,6,'fields',1),(666,6,'rowspecname',1),(667,6,'onclicktron',1),(668,6,'classrs1skills',1),(669,6,'color',8),(670,6,'profiletype',6),(671,6,'hrefhttpsfontsgoogleapiscom',1),(672,6,'idname',1),(673,6,'admin',1),(674,6,'valuefilter',1),(675,6,'addresstextareatdtr',1),(676,6,'marginright',7),(677,6,'classrs2input',13),(678,6,'statement',1),(679,6,'70',2),(680,6,'contcount0',1),(681,6,'idgitid',1),(682,6,'cont3',2),(683,6,'center',6),(684,6,'cont2',3),(685,6,'location',5),(686,6,'entryh2thtr',1),(687,6,'namedribbleid',1),(688,6,'selectlabel',1),(689,6,'relstylesheet',2),(690,6,'hrefshowteamscsscss',1),(691,6,'namemail',1),(692,6,'locationtd',1),(693,6,'nametd',3),(694,6,'projectstextarea',1),(695,6,'idcountry',1),(696,6,'rowappliedrole',1),(697,6,'textarea',6),(698,6,'nameskills',1),(699,6,'none',3),(700,6,'program',1),(701,6,'type',3),(702,6,'05s',8),(703,6,'options',2),(704,6,'idfiller',1),(705,6,'connection',1),(706,6,'titledataentriestitle',1),(707,6,'crossorigin',1),(708,6,'idappliedrole',1),(709,6,'porject',1),(710,6,'classrs1githubidtd',1),(711,6,'var',2),(712,6,'mincontent',1),(713,6,'proname',4),(714,6,'enctypemultipartformdata',1),(715,6,'style',2),(716,6,'marginleft',3),(717,6,'idviewentry',1),(718,6,'idugpg',1),(719,6,'superset',1),(720,6,'classrs1collage',1),(721,6,'min1950',1),(722,6,'rowexperience',1),(723,6,'classtarea',3),(724,6,'yeartd',1),(725,6,'idspecname',1),(726,6,'nameappliedrole',1),(727,6,'display',1),(728,6,'rowbehanceid',1),(729,6,'namepassout',1),(730,6,'rowcont1',1),(731,6,'rowcont3',1),(732,6,'rowcont2',1),(733,6,'width',14),(734,6,'rowaddress',1),(735,6,'rowprofiletype',1),(736,6,'data',1),(737,6,'textindent',1),(738,6,'hrefadminphp',1),(739,6,'substrcountskills',1),(740,6,'float',9),(741,6,'experience',5),(742,6,'heightauto',2),(743,6,'classrs1query',1),(744,6,'reference',2),(745,6,'namequery',1),(746,6,'portfolio',5),(747,6,'html',2),(748,6,'clgname',4),(749,6,'from',2),(750,6,'alertquery',1),(751,6,'idprofiletype',1),(752,6,'placeholdercollage',1),(753,6,'univname',4),(754,6,'stylewidth80',1),(755,6,'fbtnhover',1),(756,6,'cols30',4),(757,6,'substrcountexperience',1),(758,6,'textalign',3),(759,6,'dribble',1),(760,6,'option',7),(761,6,'nameprojects',1),(762,6,'anyphp',1),(763,6,'skillset',1),(764,6,'values',1),(765,6,'link',6),(766,6,'but3hover',1),(767,6,'namelocation',1),(768,6,'database',1),(769,6,'array',1),(770,6,'idportfolio',1),(771,6,'hrefhttpsfontsgstaticcom',1),(772,6,'cont3placeholderenter',1),(773,6,'value',1),(774,6,'resetit',1),(775,6,'rowfiller',1),(776,6,'padding',1),(777,6,'onclickcollapseorhold',1),(778,6,'databaseh2div',1),(779,6,'match',1),(780,6,'emailid',2),(781,6,'certifications',4),(782,6,'namecolumnname',1),(783,6,'classrs1passout',1),(784,6,'substrcountcertifications',1),(785,6,'idlocation',1),(786,6,'stmt',1),(787,6,'rowdribbleid',1),(788,7,'select',1),(789,7,'data',2),(790,7,'added',1),(791,7,'project',1),(792,7,'when',1),(793,7,'view',1),(794,7,'pages',1),(795,7,'whenever',1),(796,7,'members',3),(797,7,'should',1),(798,7,'only',1),(799,7,'details',1),(800,7,'enter',2),(801,7,'flow',1),(802,7,'tasks',1),(803,7,'they',1),(804,7,'group',1),(805,7,'2teams',1),(806,7,'add',3),(807,7,'new',2),(808,7,'teams',3),(809,7,'in',1),(810,7,'2viewing',1),(811,7,'profile',1),(812,7,'resultset',1),(813,7,'is',3),(814,7,'then',2),(815,7,'it',1),(816,7,'2',1),(817,7,'once',1),(818,7,'person',1),(819,7,'trying',1),(820,7,'page',3),(821,7,'addteams',1),(822,7,'superset',1),(823,7,'for',3),(824,7,'saftety',1),(825,7,'admin',2),(826,7,'login',1),(827,7,'we',1),(828,7,'2for',1),(829,7,'can',1),(830,7,'see',1),(831,7,'same',2),(832,7,'are',1),(833,7,'1adding',1),(834,7,'and',2),(835,7,'of',1),(836,7,'3view',1),(837,7,'a',1),(838,7,'more',1),(839,7,'2nd',1),(840,7,'team',2),(841,7,'people',1),(842,7,'1for',1),(843,7,'viewteams',1),(844,7,'the',10),(845,7,'1home',1),(846,7,'there',1),(847,7,'time',2),(848,7,'to',1),(849,7,'user',2),(850,7,'first',1),(851,7,'assign',1),(852,8,'country',1),(853,8,'projects',1),(854,8,'varchar2000',1),(855,8,'number',3),(856,8,'password',2),(857,8,'portfolio',1),(858,8,'contact',2),(859,8,'teamid',2),(860,8,'members',1),(861,8,'create',3),(862,8,'connection',3),(863,8,'clgname',1),(864,8,'tasks',1),(865,8,'contactno',1),(866,8,'passingyear',1),(867,8,'image',2),(868,8,'varchar2550',4),(869,8,'teams',2),(870,8,'univname',1),(871,8,'19',1),(872,8,'proname',1),(873,8,'dribbleid',1),(874,8,'varchar255',18),(875,8,'teamitname',1),(876,8,'1',1),(877,8,'gitid',1),(878,8,'2',1),(879,8,'3',3),(880,8,'blob',1),(881,8,'name',3),(882,8,'8',1),(883,8,'specialization',1),(884,8,'behanceid',1),(885,8,'teamandworks',1),(886,8,'status',2),(887,8,'varchar20',1),(888,8,'superset',3),(889,8,'columns',3),(890,8,'values',3),(891,8,'ugdetails',1),(892,8,'insert',3),(893,8,'into',3),(894,8,'database',1),(895,8,'datatables',1),(896,8,'of',3),(897,8,'supersetnameemailidcontactclgnameunivnameprotypeugdetailspassingyearpronamespecializationgitidbehanceiddribbleidportfolioprojectslocationcountryaddressenteredby',1),(898,8,'table',3),(899,8,'email',2),(900,8,'address',1),(901,8,'teamit',1),(902,8,'emailid',1),(903,8,'varchar510',1),(904,8,'enteredby',1),(905,8,'int',2),(906,8,'protype',1),(907,8,'boolean',2),(908,8,'connectionnamestatustasks',1),(909,8,'location',1),(910,9,'next',1),(911,9,'redux',1),(912,9,'js',1),(913,9,'type',1),(914,9,'hibernate',1),(915,9,'reactjs',1),(916,9,'script',1),(917,9,'spring',1),(918,9,'database',1),(919,9,'java',2),(920,9,'backend',1),(921,9,'mysql',1),(922,9,'boot',1),(923,9,'frontend',1),(924,10,'app',1),(925,10,'13048ms151000010942',1),(926,10,'htaccess',2),(927,10,'5952118512376125312',1),(928,10,'583464949742644082515',1),(929,10,'admin',1),(930,10,'js',2),(931,10,'222512305834612215120282121319408544',1),(932,10,'96123',1),(933,10,'4',2),(934,10,'352124748',1),(935,10,'php',2),(936,10,'10913hsd1040009725',1),(937,10,'html',2),(938,10,'13235197110268',1),(939,11,'jvs',1),(940,11,'hello',1),(941,12,'balaram',1),(942,12,'show',1),(943,12,'krishna',1),(944,12,'is',1),(945,12,'my',1),(946,12,'favorite',1),(947,12,'aur',1),(948,13,'bheem',1),(949,13,'chota',1),(950,13,'shows',1),(951,13,'one',1),(952,13,'of',1),(953,13,'is',1),(954,13,'my',1),(955,13,'favorite',1),(956,14,'shows',1),(957,14,'one',1),(958,14,'of',1),(959,14,'doraemon',1),(960,14,'is',1),(961,14,'my',1),(962,14,'favorite',1),(963,15,'in',1),(964,15,'father',1),(965,15,'show',2),(966,15,'i',1),(967,15,'my',1),(968,15,'continuously',1),(969,15,'gets',1),(970,15,'when',1),(971,15,'hatori',2),(972,15,'the',2),(973,15,'ever',1),(974,15,'ding',4),(975,15,'as',1),(976,15,'phrase',1),(977,15,'watch',1),(978,15,'ninja',1),(979,15,'protagonist',1),(980,15,'spells',1),(981,15,'irritated',1),(982,16,'love',1),(983,16,'i',1),(984,16,'tarzan',1),(985,16,'watching',1),(986,17,'big',1),(987,17,'fan',1),(988,17,'of',1),(989,17,'show',1),(990,17,'i',1),(991,17,'am',1),(992,17,'popeye',1),(993,18,'the',1),(994,18,'show',1),(995,18,'is',1),(996,18,'my',1),(997,18,'samurai',1),(998,18,'favorite',1),(999,18,'jack',1),(1000,19,'shows',1),(1001,19,'test',1),(1002,19,'one',1),(1003,19,'of',1),(1004,19,'jhony',1),(1005,19,'is',1),(1006,19,'my',1),(1007,19,'favorite',1),(1008,20,'but',1),(1009,20,'a',2),(1010,20,'big',1),(1011,20,'watchable',1),(1012,20,'show',1),(1013,20,'i',2),(1014,20,'feel',1),(1015,20,'is',1),(1016,20,'horrid',1),(1017,20,'it',1),(1018,20,'am',1),(1019,20,'henry',1),(1020,20,'not',1),(1021,20,'fan',1),(1022,20,'of',1),(1023,21,'love',1),(1024,21,'the',1),(1025,21,'laboratory',1),(1026,21,'dexter',1),(1027,21,'show',1),(1028,21,'i',1),(1029,22,'the',1),(1030,22,'cowardly',1),(1031,22,'show',1),(1032,22,'is',1),(1033,22,'my',1),(1034,22,'dog',1),(1035,22,'favorite',1),(1036,22,'courage',1),(1037,23,'love',1),(1038,23,'the',2),(1039,23,'bugs',1),(1040,23,'ideologies',1),(1041,23,'in',1),(1042,23,'show',1),(1043,23,'i',1),(1044,23,'bunny',1),(1045,27,'the',1),(1046,27,'kick',1),(1047,27,'like',1),(1048,27,'show',1),(1049,27,'i',1),(1050,27,'buttosowki',1),(1051,28,'in',1),(1052,28,'is',1),(1053,28,'my',1),(1054,28,'animation',1),(1055,28,'the',1),(1056,28,'tom',1),(1057,28,'terms',1),(1058,28,'and',1),(1059,28,'of',1),(1060,28,'20052008',1),(1061,28,'jerry',1),(1062,28,'tales',1),(1063,28,'favorite',1),(1064,29,'a',1),(1065,29,'big',1),(1066,29,'fan',1),(1067,29,'tom',1),(1068,29,'and',1),(1069,29,'of',1),(1070,29,'show',1),(1071,29,'i',1),(1072,29,'jerry',1),(1073,29,'am',1),(1074,30,'love',1),(1075,30,'shaun',1),(1076,30,'the',1),(1077,30,'show',1),(1078,30,'i',1),(1079,30,'watching',1),(1080,30,'sheep',1),(1081,31,'nichollas',1),(1082,31,'ghost',1),(1083,31,'movie',1),(1084,31,'cages',1),(1085,31,'is',1),(1086,31,'my',1),(1087,31,'rider',1),(1088,31,'favorite',1),(1089,32,'the',2),(1090,32,'watched',1),(1091,32,'venom',1),(1092,32,'last',1),(1093,32,'movie',2),(1094,32,'like',1),(1095,32,'recently',1),(1096,32,'have',1),(1097,32,'i',2),(1098,32,'dance',1),(1099,32,'alot',1),(1100,33,'love',1),(1101,33,'a',1),(1102,33,'movie',1),(1103,33,'impossible',2),(1104,33,'i',2),(1105,33,'its',1),(1106,33,'dead',1),(1107,33,'renocking',1),(1108,33,'the',2),(1109,33,'moives',1),(1110,33,'mission',2),(1111,33,'recnetly',1),(1112,33,'watched',1),(1113,33,'have',1),(1114,33,'fantastic',1),(1115,34,'love',1),(1116,34,'patrol',1),(1117,34,'paw',1),(1118,34,'show',1),(1119,34,'i',1),(1120,34,'watching',1),(1121,35,'love',2),(1122,35,'fiction',1),(1123,35,'james',1),(1124,35,'watching',2),(1125,35,'rider',1),(1126,35,'out',1),(1127,35,'movies',2),(1128,35,'venom',1),(1129,35,'ghost',1),(1130,35,'etc',1),(1131,35,'and',1),(1132,35,'of',1),(1133,35,'action',1),(1134,35,'dance',1),(1135,35,'last',1),(1136,35,'i',2),(1137,35,'also',1),(1138,35,'bond',1),(1139,35,'something',1),(1140,35,'the',1),(1141,35,'adventure',1),(1142,35,'such',2),(1143,35,'as',2),(1144,35,'especially',1),(1145,35,'science',1),(1146,35,'007',1),(1147,35,'realm',1),(1148,36,'movies',1),(1149,36,'a',1),(1150,36,'fan',1),(1151,36,'of',1),(1152,36,'i',1),(1153,36,'am',1),(1154,36,'carrey',1),(1155,36,'jim',1),(1156,37,'love',2),(1157,37,'fiction',1),(1158,37,'james',1),(1159,37,'watching',2),(1160,37,'rider',1),(1161,37,'out',1),(1162,37,'movies',2),(1163,37,'venom',1),(1164,37,'ghost',1),(1165,37,'etc',1),(1166,37,'and',1),(1167,37,'of',1),(1168,37,'action',1),(1169,37,'dance',1),(1170,37,'last',1),(1171,37,'i',2),(1172,37,'also',1),(1173,37,'bond',1),(1174,37,'something',1),(1175,37,'the',1),(1176,37,'adventure',1),(1177,37,'such',2),(1178,37,'as',2),(1179,37,'especially',1),(1180,37,'science',1),(1181,37,'007',1),(1182,37,'realm',1),(1183,38,'balaram',1),(1184,38,'show',1),(1185,38,'krishna',1),(1186,38,'is',1),(1187,38,'my',1),(1188,38,'favorite',1),(1189,38,'aur',1),(1190,39,'bheem',1),(1191,39,'chota',1),(1192,39,'shows',1),(1193,39,'one',1),(1194,39,'of',1),(1195,39,'is',1),(1196,39,'my',1),(1197,39,'favorite',1),(1198,40,'love',1),(1199,40,'i',1),(1200,40,'tarzan',1),(1201,40,'watching',1),(1202,41,'love',1),(1203,41,'the',2),(1204,41,'bugs',1),(1205,41,'ideologies',1),(1206,41,'in',1),(1207,41,'show',1),(1208,41,'i',1),(1209,41,'bunny',1),(1210,42,'love',3),(1211,42,'big',2),(1212,42,'ideologies',1),(1213,42,'doo',1),(1214,42,'show',5),(1215,42,'buttosowki',1),(1216,42,'watching',2),(1217,42,'bugs',1),(1218,42,'fan',2),(1219,42,'tom',2),(1220,42,'shinchan',1),(1221,42,'terms',1),(1222,42,'and',2),(1223,42,'of',3),(1224,42,'20052008',1),(1225,42,'jerry',2),(1226,42,'tarzan',1),(1227,42,'bunny',1),(1228,42,'tales',1),(1229,42,'a',2),(1230,42,'scooby',1),(1231,42,'in',2),(1232,42,'like',1),(1233,42,'jvs',1),(1234,42,'i',6),(1235,42,'is',1),(1236,42,'am',2),(1237,42,'my',1),(1238,42,'animation',1),(1239,42,'the',5),(1240,42,'kick',1),(1241,42,'hello',1),(1242,42,'favorite',1),(1243,43,'love',3),(1244,43,'big',2),(1245,43,'ideologies',1),(1246,43,'doo',1),(1247,43,'show',5),(1248,43,'buttosowki',1),(1249,43,'watching',2),(1250,43,'bugs',1),(1251,43,'fan',2),(1252,43,'tom',2),(1253,43,'shinchan',1),(1254,43,'terms',1),(1255,43,'and',2),(1256,43,'of',3),(1257,43,'20052008',1),(1258,43,'jerry',2),(1259,43,'tarzan',1),(1260,43,'bunny',1),(1261,43,'tales',1),(1262,43,'a',2),(1263,43,'scooby',1),(1264,43,'in',2),(1265,43,'like',1),(1266,43,'jvs',1),(1267,43,'i',6),(1268,43,'is',1),(1269,43,'am',2),(1270,43,'my',1),(1271,43,'animation',1),(1272,43,'the',5),(1273,43,'kick',1),(1274,43,'hello',1),(1275,43,'favorite',1),(1276,44,'app',1),(1277,44,'13048ms151000010942',1),(1278,44,'htaccess',2),(1279,44,'5952118512376125312',1),(1280,44,'583464949742644082515',1),(1281,44,'admin',1),(1282,44,'js',2),(1283,44,'222512305834612215120282121319408544',1),(1284,44,'96123',1),(1285,44,'4',2),(1286,44,'352124748',1),(1287,44,'php',2),(1288,44,'10913hsd1040009725',1),(1289,44,'html',2),(1290,44,'13235197110268',1),(1291,45,'love',3),(1292,45,'big',2),(1293,45,'ideologies',1),(1294,45,'doo',1),(1295,45,'show',5),(1296,45,'buttosowki',1),(1297,45,'watching',2),(1298,45,'bugs',1),(1299,45,'fan',2),(1300,45,'tom',2),(1301,45,'shinchan',1),(1302,45,'terms',1),(1303,45,'and',2),(1304,45,'of',3),(1305,45,'20052008',1),(1306,45,'jerry',2),(1307,45,'tarzan',1),(1308,45,'bunny',1),(1309,45,'tales',1),(1310,45,'a',2),(1311,45,'scooby',1),(1312,45,'in',2),(1313,45,'like',1),(1314,45,'jvs',1),(1315,45,'i',6),(1316,45,'is',1),(1317,45,'am',2),(1318,45,'my',1),(1319,45,'animation',1),(1320,45,'the',5),(1321,45,'kick',1),(1322,45,'hello',1),(1323,45,'favorite',1),(1324,46,'big',1),(1325,46,'fan',1),(1326,46,'of',1),(1327,46,'show',1),(1328,46,'i',1),(1329,46,'am',1),(1330,46,'popeye',1),(1331,47,'love',1),(1332,47,'a',1),(1333,47,'movie',1),(1334,47,'impossible',2),(1335,47,'i',2),(1336,47,'its',1),(1337,47,'dead',1),(1338,47,'renocking',1),(1339,47,'the',2),(1340,47,'moives',1),(1341,47,'mission',2),(1342,47,'recnetly',1),(1343,47,'watched',1),(1344,47,'have',1),(1345,47,'fantastic',1),(1346,48,'bheem',1),(1347,48,'chota',1),(1348,48,'shows',1),(1349,48,'one',1),(1350,48,'of',1),(1351,48,'is',1),(1352,48,'my',1),(1353,48,'favorite',1),(1354,49,'app',1),(1355,49,'13048ms151000010942',1),(1356,49,'htaccess',2),(1357,49,'5952118512376125312',1),(1358,49,'583464949742644082515',1),(1359,49,'admin',1),(1360,49,'js',2),(1361,49,'222512305834612215120282121319408544',1),(1362,49,'96123',1),(1363,49,'4',2),(1364,49,'352124748',1),(1365,49,'php',2),(1366,49,'10913hsd1040009725',1),(1367,49,'html',2),(1368,49,'13235197110268',1),(1369,50,'bheem',1),(1370,50,'chota',1),(1371,50,'shows',1),(1372,50,'one',1),(1373,50,'of',1),(1374,50,'is',1),(1375,50,'my',1),(1376,50,'favorite',1),(1377,51,'myselftxt',1),(1378,51,'movie',1),(1379,51,'082429',1),(1380,51,'gerenestxt',1),(1381,51,'thoughtstxt',1),(1382,51,'26022025',14),(1383,51,'020219',1),(1384,51,'shinchantxt',1),(1385,51,'samuraitxt',1),(1386,51,'ctedtxt',1),(1387,51,'080249',1),(1388,51,'oggytxt',1),(1389,51,'10',1),(1390,51,'algorithm',1),(1391,51,'11',1),(1392,51,'12',1),(1393,51,'radicaltesttxt',1),(1394,51,'13',1),(1395,51,'112435',1),(1396,51,'14',1),(1397,51,'15',1),(1398,51,'102010',1),(1399,51,'16',1),(1400,51,'17',1),(1401,51,'18',1),(1402,51,'20022025',1),(1403,51,'19',1),(1404,51,'horrid',1),(1405,51,'am',30),(1406,51,'111901',1),(1407,51,'1',1),(1408,51,'rabbittxt',1),(1409,51,'2',1),(1410,51,'filename',1),(1411,51,'chota',2),(1412,51,'3',1),(1413,51,'4',1),(1414,51,'5',1),(1415,51,'6',1),(1416,51,'7',1),(1417,51,'venomtxt',1),(1418,51,'8',1),(1419,51,'9',1),(1420,51,'080139',1),(1421,51,'hello',1),(1422,51,'favorite',3),(1423,51,'20',1),(1424,51,'watchtxt',2),(1425,51,'21',1),(1426,51,'121703',1),(1427,51,'love',1),(1428,51,'22',1),(1429,51,'23',1),(1430,51,'24',1),(1431,51,'bunnytxt',1),(1432,51,'hattoritxt',1),(1433,51,'25',1),(1434,51,'tjonetxt',1),(1435,51,'26',1),(1436,51,'27',1),(1437,51,'dogtxt',1),(1438,51,'28',1),(1439,51,'29',1),(1440,51,'reporttxt',1),(1441,51,'courage',1),(1442,51,'scoobydootxt',1),(1443,51,'015723',1),(1444,51,'123955',1),(1445,51,'bugs',1),(1446,51,'doraemontxt',1),(1447,51,'070904',1),(1448,51,'ghost',1),(1449,51,'090518',1),(1450,51,'tarzantxt',1),(1451,51,'080942',1),(1452,51,'30',1),(1453,51,'015849',1),(1454,51,'31',1),(1455,51,'082840',1),(1456,51,'32',1),(1457,51,'122748',1),(1458,51,'33',1),(1459,51,'34',1),(1460,51,'35',1),(1461,51,'25022025',2),(1462,51,'36',1),(1463,51,'37',1),(1464,51,'38',1),(1465,51,'39',1),(1466,51,'083948',1),(1467,51,'075805',1),(1468,51,'074958',1),(1469,51,'kicktxt',1),(1470,51,'073627',1),(1471,51,'i',2),(1472,51,'krishna',1),(1473,51,'showtxt',1),(1474,51,'myself2txt',1),(1475,51,'radicaltest2txt',2),(1476,51,'the',4),(1477,51,'015714',1),(1478,51,'020225',1),(1479,51,'081248',1),(1480,51,'jhony',1),(1481,51,'to',2),(1482,51,'40',1),(1483,51,'safetxt',1),(1484,51,'41',1),(1485,51,'task2txt',1),(1486,51,'122735',1),(1487,51,'42',1),(1488,51,'013938',1),(1489,51,'43',1),(1490,51,'date',1),(1491,51,'44',1),(1492,51,'45',1),(1493,51,'46',1),(1494,51,'47',1),(1495,51,'48',1),(1496,51,'databasecreationtxt',1),(1497,51,'49',2),(1498,51,'documents',1),(1499,51,'tjtwotxt',1),(1500,51,'121357',1),(1501,51,'mi7txt',2),(1502,51,'admintesttxt',1),(1503,51,'bheemtxt',2),(1504,51,'111426',1),(1505,51,'112239',1),(1506,51,'like',1),(1507,51,'paw',1),(1508,51,'testtxt',1),(1509,51,'ridertxt',1),(1510,51,'my',4),(1511,51,'125030',1),(1512,51,'070819',1),(1513,51,'015736',1),(1514,51,'121744',1),(1515,51,'122552',1),(1516,51,'ninja',1),(1517,51,'101233',1),(1518,51,'monthly',1),(1519,51,'27022025',8),(1520,51,'24022025',4),(1521,51,'101512',1),(1522,51,'101358',1),(1523,51,'020121',1),(1524,51,'aur',1),(1525,51,'shaun',1),(1526,51,'no',1),(1527,51,'cartoonstxt',2),(1528,51,'dexter',1),(1529,51,'patroltxt',1),(1530,51,'for',1),(1531,51,'070543',1),(1532,51,'21022025',20),(1533,51,'jimcarreytxt',1),(1534,51,'125417',1),(1535,51,'125656',1),(1536,51,'010751',1),(1537,51,'henrytxt',1),(1538,51,'020156',1),(1539,51,'015926',1),(1540,51,'ntotal',1),(1541,51,'laboratorytxt',1),(1542,51,'balaramtxt',1),(1543,51,'074357',1),(1544,51,'popoyeetxt',2),(1545,51,'071007',1),(1546,51,'techstacktxt',1),(1547,51,'074354',1),(1548,51,'jack',1),(1549,51,'075324',1),(1550,51,'cowardly',1),(1551,51,'what',2),(1552,51,'122810',1),(1553,51,'sheeptxt',1),(1554,51,'020146',1),(1555,51,'time',1),(1556,51,'pm',19),(1557,51,'admintxt',1),(1558,51,'jvstxt',1),(1559,52,'myselftxt',1),(1560,52,'movie',1),(1561,52,'082429',1),(1562,52,'gerenestxt',1),(1563,52,'thoughtstxt',1),(1564,52,'26022025',14),(1565,52,'020219',1),(1566,52,'shinchantxt',1),(1567,52,'scans',1),(1568,52,'samuraitxt',1),(1569,52,'ctedtxt',1),(1570,52,'080249',1),(1571,52,'oggytxt',1),(1572,52,'10',1),(1573,52,'algorithm',1),(1574,52,'11',1),(1575,52,'12',1),(1576,52,'radicaltesttxt',1),(1577,52,'13',1),(1578,52,'112435',1),(1579,52,'14',1),(1580,52,'15',1),(1581,52,'102010',1),(1582,52,'16',1),(1583,52,'17',1),(1584,52,'18',1),(1585,52,'20022025',1),(1586,52,'19',1),(1587,52,'horrid',1),(1588,52,'am',30),(1589,52,'111901',1),(1590,52,'1',1),(1591,52,'rabbittxt',1),(1592,52,'2',1),(1593,52,'filename',1),(1594,52,'chota',2),(1595,52,'3',1),(1596,52,'4',1),(1597,52,'5',1),(1598,52,'6',1),(1599,52,'7',1),(1600,52,'venomtxt',1),(1601,52,'8',1),(1602,52,'9',1),(1603,52,'080139',1),(1604,52,'hello',1),(1605,52,'favorite',3),(1606,52,'20',1),(1607,52,'watchtxt',2),(1608,52,'21',1),(1609,52,'121703',1),(1610,52,'love',1),(1611,52,'22',1),(1612,52,'23',1),(1613,52,'24',1),(1614,52,'bunnytxt',1),(1615,52,'hattoritxt',1),(1616,52,'25',1),(1617,52,'tjonetxt',1),(1618,52,'26',1),(1619,52,'27',1),(1620,52,'dogtxt',1),(1621,52,'28',1),(1622,52,'29',1),(1623,52,'scan',2),(1624,52,'reporttxt',1),(1625,52,'courage',1),(1626,52,'scoobydootxt',1),(1627,52,'015723',1),(1628,52,'123955',1),(1629,52,'bugs',1),(1630,52,'doraemontxt',1),(1631,52,'070904',1),(1632,52,'ghost',1),(1633,52,'090518',1),(1634,52,'tarzantxt',1),(1635,52,'080942',1),(1636,52,'30',1),(1637,52,'015849',1),(1638,52,'31',1),(1639,52,'082840',1),(1640,52,'32',1),(1641,52,'122748',1),(1642,52,'33',1),(1643,52,'34',1),(1644,52,'35',1),(1645,52,'25022025',2),(1646,52,'36',1),(1647,52,'37',1),(1648,52,'38',1),(1649,52,'39',1),(1650,52,'083948',1),(1651,52,'075805',1),(1652,52,'074958',1),(1653,52,'kicktxt',1),(1654,52,'091552',1),(1655,52,'073627',1),(1656,52,'i',2),(1657,52,'krishna',1),(1658,52,'showtxt',1),(1659,52,'myself2txt',1),(1660,52,'radicaltest2txt',2),(1661,52,'the',4),(1662,52,'015714',1),(1663,52,'020225',1),(1664,52,'081248',1),(1665,52,'jhony',1),(1666,52,'to',2),(1667,52,'40',1),(1668,52,'safetxt',1),(1669,52,'41',1),(1670,52,'task2txt',1),(1671,52,'122735',1),(1672,52,'42',1),(1673,52,'013938',1),(1674,52,'43',1),(1675,52,'date',1),(1676,52,'44',1),(1677,52,'45',1),(1678,52,'46',1),(1679,52,'47',1),(1680,52,'48',1),(1681,52,'databasecreationtxt',1),(1682,52,'49',1),(1683,52,'tjtwotxt',1),(1684,52,'121357',1),(1685,52,'mi7txt',2),(1686,52,'admintesttxt',1),(1687,52,'50',2),(1688,52,'bheemtxt',2),(1689,52,'111426',1),(1690,52,'112239',1),(1691,52,'like',1),(1692,52,'paw',1),(1693,52,'testtxt',1),(1694,52,'history',2),(1695,52,'ridertxt',1),(1696,52,'my',4),(1697,52,'125030',1),(1698,52,'070819',1),(1699,52,'015736',1),(1700,52,'121744',1),(1701,52,'122552',1),(1702,52,'ninja',1),(1703,52,'101233',1),(1704,52,'monthly',1),(1705,52,'27022025',9),(1706,52,'24022025',4),(1707,52,'101512',1),(1708,52,'101358',1),(1709,52,'020121',1),(1710,52,'aur',1),(1711,52,'shaun',1),(1712,52,'no',1),(1713,52,'cartoonstxt',2),(1714,52,'dexter',1),(1715,52,'patroltxt',1),(1716,52,'for',1),(1717,52,'070543',1),(1718,52,'21022025',20),(1719,52,'jimcarreytxt',1),(1720,52,'125417',1),(1721,52,'total',1),(1722,52,'125656',1),(1723,52,'010751',1),(1724,52,'henrytxt',1),(1725,52,'020156',1),(1726,52,'015926',1),(1727,52,'laboratorytxt',1),(1728,52,'balaramtxt',1),(1729,52,'074357',1),(1730,52,'2txt',1),(1731,52,'popoyeetxt',2),(1732,52,'071007',1),(1733,52,'techstacktxt',1),(1734,52,'074354',1),(1735,52,'jack',1),(1736,52,'075324',1),(1737,52,'cowardly',1),(1738,52,'what',2),(1739,52,'122810',1),(1740,52,'sheeptxt',1),(1741,52,'020146',1),(1742,52,'time',1),(1743,52,'pm',20),(1744,52,'admintxt',1),(1745,52,'jvstxt',1);
/*!40000 ALTER TABLE `doc_data` ENABLE KEYS */;
UNLOCK TABLES;

--
-- Table structure for table `log`
--

DROP TABLE IF EXISTS `log`;
/*!40101 SET @saved_cs_client     = @@character_set_client */;
/*!50503 SET character_set_client = utf8mb4 */;
CREATE TABLE `log` (
  `logid` int NOT NULL AUTO_INCREMENT,
  `userid` int NOT NULL,
  `thetime` datetime DEFAULT NULL,
  `status` varchar(45) NOT NULL DEFAULT 'signin',
  PRIMARY KEY (`logid`),
  KEY `ref_users_log_idx` (`userid`),
  CONSTRAINT `ref_users_log` FOREIGN KEY (`userid`) REFERENCES `users` (`userid`) ON DELETE CASCADE ON UPDATE CASCADE
) ENGINE=InnoDB AUTO_INCREMENT=106 DEFAULT CHARSET=utf8mb4 COLLATE=utf8mb4_general_ci;
/*!40101 SET character_set_client = @saved_cs_client */;

--
-- Dumping data for table `log`
--

LOCK TABLES `log` WRITE;
/*!40000 ALTER TABLE `log` DISABLE KEYS */;
INSERT INTO `log` VALUES (1,1,'2025-02-19 17:51:37','signin'),(2,1,'2025-02-19 17:51:46','signin'),(3,1,'2025-02-19 17:54:11','signin'),(4,1,'2025-02-19 17:55:31','signin'),(5,1,'2025-02-19 17:56:54','signin'),(6,1,'2025-02-19 17:57:15','signin'),(7,1,'2025-02-19 17:57:25','signin'),(8,2,'2025-02-19 18:16:19','signin'),(9,2,'2025-02-19 18:18:47','signin'),(10,1,'2025-02-19 18:19:51','signin'),(11,1,'2025-02-19 22:33:33','signin'),(12,1,'2025-02-19 22:36:10','signin'),(13,1,'2025-02-19 22:36:17','signin'),(14,1,'2025-02-19 22:36:39','signin'),(15,1,'2025-02-19 22:41:49','signin'),(16,1,'2025-02-19 22:43:55','signin'),(17,1,'2025-02-19 22:46:32','signin'),(18,3,'2025-02-19 22:54:39','signin'),(19,3,'2025-02-20 13:41:42','signin'),(20,3,'2025-02-20 13:43:23','signin'),(21,3,'2025-02-20 13:44:11','signin'),(22,3,'2025-02-21 11:54:11','signin'),(23,3,'2025-02-27 07:50:42','signin'),(24,3,'2025-02-27 07:58:35','signin'),(25,3,'2025-02-27 12:03:42','signin'),(26,3,'2025-02-27 12:14:55','signin'),(27,3,'2025-02-27 12:16:56','signin'),(28,3,'2025-02-27 12:35:04','signin'),(29,3,'2025-02-27 12:47:59','signin'),(30,2,'2025-02-27 12:56:40','signin'),(31,8,'2025-02-27 13:18:10','signin'),(32,11,'2025-02-27 13:20:51','signin'),(33,2,'2025-02-27 13:42:11','signin'),(34,2,'2025-02-27 13:42:16','signout'),(35,2,'2025-02-27 13:44:59','signin'),(36,2,'2025-02-27 13:45:04','signout'),(37,2,'2025-02-27 13:47:26','signin'),(38,2,'2025-02-27 13:47:31','signout'),(39,2,'2025-02-27 13:50:14','signin'),(40,2,'2025-02-27 13:50:18','signout'),(41,2,'2025-02-27 13:59:21','signin'),(42,2,'2025-02-27 13:59:34','signout'),(43,2,'2025-02-27 14:09:20','signin'),(44,2,'2025-02-27 14:15:51','signout'),(45,2,'2025-02-27 14:24:02','signin'),(46,2,'2025-02-27 14:25:55','signout'),(47,2,'2025-02-27 14:26:29','signin'),(48,2,'2025-02-27 14:29:49','signin'),(49,2,'2025-02-27 14:32:47','signin'),(50,2,'2025-02-27 14:39:18','signout'),(51,1,'2025-02-27 14:40:21','signin'),(52,1,'2025-02-27 14:42:10','signout'),(53,1,'2025-02-27 14:42:18','signin'),(54,1,'2025-02-27 14:50:05','signout'),(55,2,'2025-02-27 14:51:55','signin'),(56,2,'2025-02-27 14:52:15','signout'),(57,1,'2025-02-27 14:52:36','signin'),(58,1,'2025-02-27 14:54:57','signout'),(59,2,'2025-02-27 14:55:35','signin'),(60,2,'2025-02-27 15:17:22','signin'),(61,2,'2025-02-27 15:21:34','signin'),(62,2,'2025-02-27 15:23:16','signout'),(63,1,'2025-02-27 15:23:59','signin'),(64,1,'2025-02-27 15:31:02','signout'),(65,2,'2025-02-27 15:55:02','signin'),(66,2,'2025-02-27 15:55:53','signout'),(67,1,'2025-02-27 15:56:04','signin'),(68,1,'2025-02-27 16:17:36','signin'),(69,1,'2025-02-27 16:19:57','signin'),(70,1,'2025-02-27 16:21:09','signin'),(71,1,'2025-02-27 16:24:26','signin'),(72,1,'2025-02-27 16:26:27','signin'),(73,1,'2025-02-27 18:08:09','signin'),(74,1,'2025-02-27 18:28:01','signout'),(75,1,'2025-02-27 18:28:24','signin'),(76,1,'2025-02-27 18:28:38','signin'),(77,1,'2025-02-27 18:28:42','signout'),(78,1,'2025-02-27 18:29:00','signin'),(79,1,'2025-02-27 18:29:04','signout'),(80,2,'2025-02-27 18:29:18','signin'),(81,2,'2025-02-27 18:33:45','signout'),(82,2,'2025-02-27 18:47:54','signin'),(83,2,'2025-02-27 19:39:20','signin'),(84,2,'2025-02-27 19:42:22','signin'),(85,2,'2025-02-27 20:11:40','signin'),(86,2,'2025-02-27 20:34:42','signin'),(87,2,'2025-02-27 20:40:26','signin'),(88,2,'2025-02-27 20:43:31','signin'),(89,2,'2025-02-27 20:49:12','signin'),(90,2,'2025-02-27 20:59:07','signin'),(91,2,'2025-02-27 21:05:50','signin'),(92,2,'2025-02-27 21:20:19','signout'),(93,1,'2025-02-27 21:20:33','signin'),(94,2,'2025-02-27 21:49:40','signin'),(95,2,'2025-02-27 22:07:20','signin'),(96,2,'2025-02-28 09:33:02','signin'),(97,2,'2025-02-28 09:35:08','signout'),(98,1,'2025-02-28 09:35:25','signin'),(99,1,'2025-02-28 09:38:55','signout'),(100,2,'2025-02-28 09:39:18','signin'),(101,2,'2025-02-28 09:39:24','signout'),(102,1,'2025-02-28 09:39:42','signin'),(103,1,'2025-02-28 09:39:53','signout'),(104,2,'2025-02-28 09:40:18','signin'),(105,2,'2025-02-28 09:41:25','signout');
/*!40000 ALTER TABLE `log` ENABLE KEYS */;
UNLOCK TABLES;

--
-- Table structure for table `rescanlist`
--

DROP TABLE IF EXISTS `rescanlist`;
/*!40101 SET @saved_cs_client     = @@character_set_client */;
/*!50503 SET character_set_client = utf8mb4 */;
CREATE TABLE `rescanlist` (
  `rscanid` int NOT NULL AUTO_INCREMENT,
  `scanid` int NOT NULL,
  `thetime` datetime DEFAULT NULL,
  PRIMARY KEY (`rscanid`),
  KEY `ref_scanlist_rescanlist_idx` (`scanid`),
  CONSTRAINT `ref_scanlist_rescanlist` FOREIGN KEY (`scanid`) REFERENCES `scanlist` (`scanid`) ON DELETE CASCADE ON UPDATE CASCADE
) ENGINE=InnoDB AUTO_INCREMENT=38 DEFAULT CHARSET=utf8mb4 COLLATE=utf8mb4_general_ci;
/*!40101 SET character_set_client = @saved_cs_client */;

--
-- Dumping data for table `rescanlist`
--

LOCK TABLES `rescanlist` WRITE;
/*!40000 ALTER TABLE `rescanlist` DISABLE KEYS */;
INSERT INTO `rescanlist` VALUES (1,31,'2025-02-26 13:19:18'),(2,30,'2025-02-26 13:28:47'),(3,29,'2025-02-26 13:35:23'),(4,28,'2025-02-26 13:47:28'),(5,27,'2025-02-26 13:48:00'),(6,26,'2025-02-26 15:03:14'),(7,25,'2025-02-26 15:03:23'),(8,24,'2025-02-26 15:23:21'),(9,23,'2025-02-26 15:23:34'),(10,22,'2025-02-26 15:25:45'),(11,21,'2025-02-26 15:27:34'),(12,20,'2025-02-26 15:53:36'),(13,19,'2025-02-26 19:12:32'),(14,18,'2025-02-26 19:13:07'),(15,17,'2025-02-26 20:13:48'),(16,16,'2025-02-26 20:13:55'),(17,15,'2025-02-26 20:14:02'),(18,14,'2025-02-26 20:14:16'),(19,13,'2025-02-26 20:14:25'),(20,12,'2025-02-26 21:24:37'),(21,12,'2025-02-26 21:28:46'),(22,12,'2025-02-26 21:29:29'),(23,12,'2025-02-26 21:31:10'),(24,12,'2025-02-26 22:33:22'),(25,11,'2025-02-26 22:34:12'),(26,10,'2025-02-26 23:19:49'),(27,9,'2025-02-27 07:02:01'),(28,8,'2025-02-27 07:02:52'),(29,7,'2025-02-27 07:09:20'),(30,6,'2025-02-27 07:15:12'),(31,5,'2025-02-27 11:07:16'),(32,28,'2025-02-27 15:09:29'),(33,15,'2025-02-27 15:16:31'),(34,35,'2025-02-27 15:17:58'),(35,32,'2025-02-27 15:18:23'),(36,4,'2025-02-27 21:05:56'),(37,51,'2025-02-27 21:16:24');
/*!40000 ALTER TABLE `rescanlist` ENABLE KEYS */;
UNLOCK TABLES;

--
-- Table structure for table `scanlist`
--

DROP TABLE IF EXISTS `scanlist`;
/*!40101 SET @saved_cs_client     = @@character_set_client */;
/*!50503 SET character_set_client = utf8mb4 */;
CREATE TABLE `scanlist` (
  `scanid` int NOT NULL AUTO_INCREMENT,
  `userid` int NOT NULL,
  `docpath` varchar(255) NOT NULL,
  `scantime` datetime DEFAULT NULL,
  PRIMARY KEY (`scanid`),
  KEY `ref_userid_idx` (`userid`),
  CONSTRAINT `ref_scan_userid` FOREIGN KEY (`userid`) REFERENCES `users` (`userid`) ON DELETE CASCADE ON UPDATE CASCADE
) ENGINE=InnoDB AUTO_INCREMENT=53 DEFAULT CHARSET=utf8mb4 COLLATE=utf8mb4_general_ci;
/*!40101 SET character_set_client = @saved_cs_client */;

--
-- Dumping data for table `scanlist`
--

LOCK TABLES `scanlist` WRITE;
/*!40000 ALTER TABLE `scanlist` DISABLE KEYS */;
INSERT INTO `scanlist` VALUES (1,2,'Documents/cted.txt','2025-02-20 12:50:30'),(2,2,'Documents/Algorithm for Monthly report.txt','2025-02-21 00:13:57'),(3,2,'Documents/My thoughts.txt','2025-02-21 00:17:03'),(4,2,'Documents/myself.txt','2025-02-21 00:17:44'),(5,2,'Documents/myself2.txt','2025-02-21 00:25:52'),(6,2,'Documents/Safe.txt','2025-02-21 00:27:35'),(7,2,'Documents/Task2.txt','2025-02-21 00:27:48'),(8,2,'Documents/Databasecreation.txt','2025-02-21 00:28:10'),(9,2,'Documents/tech-stack.txt','2025-02-21 00:54:17'),(10,2,'Documents/admin.txt','2025-02-21 01:07:51'),(11,2,'Documents/Hello jvs.txt','2025-02-21 13:39:38'),(12,2,'Documents/Krishna aur Balaram.txt','2025-02-21 13:57:14'),(13,2,'Documents/Chota Bheem.txt','2025-02-21 13:57:23'),(14,2,'Documents/Doraemon.txt','2025-02-21 13:57:36'),(15,2,'Documents/Ninja Hattori.txt','2025-02-21 13:58:49'),(16,2,'Documents/Tarzan.txt','2025-02-21 13:59:26'),(17,2,'Documents/Popoyee.txt','2025-02-21 14:01:21'),(18,2,'Documents/Jack the samurai.txt','2025-02-21 14:01:46'),(19,2,'Documents/Jhony test.txt','2025-02-21 14:01:56'),(20,2,'Documents/Horrid Henry.txt','2025-02-21 14:02:19'),(21,2,'Documents/Dexter laboratory.txt','2025-02-21 14:02:25'),(22,2,'Documents/Courage the cowardly dog.txt','2025-02-24 19:05:43'),(23,2,'Documents/Bugs bunny.txt','2025-02-24 19:08:19'),(24,2,'Documents/Scooby-doo.txt','2025-02-24 19:09:04'),(25,2,'Documents/shinchan.txt','2025-02-24 19:10:07'),(26,2,'Documents/Oggy.txt','2025-02-25 00:39:55'),(27,2,'Documents/Kick.txt','2025-02-25 19:43:57'),(28,2,'Documents/Tjtwo.txt','2025-02-26 07:49:58'),(29,2,'Documents/Tjone.txt','2025-02-26 07:53:24'),(30,2,'Documents/Shaun the sheep.txt','2025-02-26 07:58:05'),(31,2,'Documents/Ghost rider.txt','2025-02-26 08:01:39'),(32,2,'Documents/Venom.txt','2025-02-26 08:02:49'),(33,2,'Documents/mi-7.txt','2025-02-26 08:24:29'),(34,2,'Documents/Paw patrol.txt','2025-02-26 08:28:40'),(35,2,'Documents/Movie gerenes.txt','2025-02-26 08:39:48'),(36,2,'Documents/Jimcarrey.txt','2025-02-26 09:05:18'),(37,2,'Documents/What i like to watch.txt','2025-02-26 10:12:33'),(38,2,'Documents/my favorite show.txt','2025-02-26 10:13:58'),(39,2,'Documents/my favorite cartoons.txt','2025-02-26 10:15:12'),(40,2,'Documents/what i love to watch.txt','2025-02-26 10:20:10'),(41,2,'Documents/the rabbit.txt','2025-02-26 11:14:26'),(42,2,'Documents/radicaltest.txt','2025-02-27 07:36:27'),(43,2,'Documents/radicaltest-2.txt','2025-02-27 07:43:54'),(44,2,'Documents/admintest.txt','2025-02-27 08:09:42'),(45,2,'Documents/radicaltest-2.txt','2025-02-27 11:19:01'),(46,2,'Documents/Popoyee.txt','2025-02-27 11:22:39'),(47,2,'Documents/mi-7.txt','2025-02-27 11:24:35'),(48,2,'Documents/my favorite cartoons.txt','2025-02-27 12:56:56'),(49,11,'Documents/admintest.txt','2025-02-27 13:21:06'),(50,2,'Documents/Chota Bheem.txt','2025-02-27 20:12:48'),(51,2,'Documents/Scan History (2).txt','2025-02-27 21:15:52'),(52,2,'Documents/Scan History (8).txt','2025-02-28 09:34:20');
/*!40000 ALTER TABLE `scanlist` ENABLE KEYS */;
UNLOCK TABLES;

--
-- Table structure for table `semantic_scores`
--

DROP TABLE IF EXISTS `semantic_scores`;
/*!40101 SET @saved_cs_client     = @@character_set_client */;
/*!50503 SET character_set_client = utf8mb4 */;
CREATE TABLE `semantic_scores` (
  `sid` int NOT NULL AUTO_INCREMENT,
  `scanid` int NOT NULL,
  `vsscanid` int NOT NULL,
  `score` double NOT NULL DEFAULT '0',
  `test_date` datetime DEFAULT NULL,
  PRIMARY KEY (`sid`),
  UNIQUE KEY `ref_similarit_combination` (`scanid`,`vsscanid`),
  KEY `ref_similarity_scores_scanlist_scanid_idx` (`scanid`),
  KEY `ref_similarity_scores_scanlist_vsscanid_idx` (`vsscanid`),
  CONSTRAINT `ref_similarity_scores_scanlist_scanid` FOREIGN KEY (`scanid`) REFERENCES `scanlist` (`scanid`),
  CONSTRAINT `ref_similarity_scores_scanlist_vsscanid` FOREIGN KEY (`vsscanid`) REFERENCES `scanlist` (`scanid`) ON DELETE CASCADE ON UPDATE CASCADE
) ENGINE=InnoDB AUTO_INCREMENT=112 DEFAULT CHARSET=utf8mb4 COLLATE=utf8mb4_general_ci;
/*!40101 SET character_set_client = @saved_cs_client */;

--
-- Dumping data for table `semantic_scores`
--

LOCK TABLES `semantic_scores` WRITE;
/*!40000 ALTER TABLE `semantic_scores` DISABLE KEYS */;
INSERT INTO `semantic_scores` VALUES (1,32,4,0.9764206378735436,'2025-02-26 08:04:48'),(2,32,7,0.9257636780375568,'2025-02-26 08:04:48'),(3,32,24,0.9097723485957757,'2025-02-26 08:04:48'),(4,32,21,0.8992018010060913,'2025-02-26 08:04:48'),(5,32,2,0.8974015878833007,'2025-02-26 08:04:48'),(6,32,30,0.8483792312625752,'2025-02-26 08:04:48'),(7,32,16,0.8463799653793882,'2025-02-26 08:04:48'),(8,32,26,0.8438912070076781,'2025-02-26 08:04:48'),(9,32,27,0.8382299044565585,'2025-02-26 08:04:48'),(10,32,20,0.6215668384679811,'2025-02-26 08:04:48'),(11,32,23,0.5073798268443858,'2025-02-26 08:04:48'),(12,32,15,0.36329886918934645,'2025-02-26 08:04:48'),(13,33,32,0.8419642290352517,'2025-02-26 08:24:54'),(14,35,16,0.3545308642239681,'2025-02-26 08:40:22'),(15,36,35,0.9623831526232934,'2025-02-26 09:05:50'),(16,36,3,0.9346959617869276,'2025-02-26 09:05:50'),(17,36,25,0.9123118679165644,'2025-02-26 09:05:50'),(18,36,29,0.910077695107948,'2025-02-26 09:05:50'),(19,36,17,0.8415347416039665,'2025-02-26 09:05:50'),(20,36,20,0.4554206101912698,'2025-02-26 09:05:50'),(21,36,4,0.36562055617167466,'2025-02-26 09:05:50'),(22,36,21,0.3327782297702549,'2025-02-26 09:05:50'),(23,41,23,1.0000000055439817,'2025-02-26 11:16:00'),(24,41,36,0.6896983045537252,'2025-02-26 11:16:00'),(25,41,15,0.6719437193843228,'2025-02-26 11:16:00'),(26,41,17,0.6630855151481959,'2025-02-26 11:16:00'),(27,41,33,0.6540001053545847,'2025-02-26 11:16:00'),(28,41,35,0.6523576401093824,'2025-02-26 11:16:00'),(29,41,37,0.6523576401093824,'2025-02-26 11:16:00'),(30,41,3,0.6476113120728965,'2025-02-26 11:16:00'),(31,41,25,0.6410472204381353,'2025-02-26 11:16:00'),(32,41,29,0.6375168011401385,'2025-02-26 11:16:00'),(33,41,32,0.5073798268443858,'2025-02-26 11:16:00'),(34,41,2,0.4879046923744056,'2025-02-26 11:16:00'),(35,41,4,0.4870338872874647,'2025-02-26 11:16:00'),(36,41,5,0.48672902815664554,'2025-02-26 11:16:00'),(37,41,20,0.47252210513468185,'2025-02-26 11:16:00'),(38,41,6,0.43367443732910443,'2025-02-26 11:16:00'),(39,41,24,0.4297160505355718,'2025-02-26 11:16:00'),(40,41,21,0.40164471882748115,'2025-02-26 11:16:00'),(41,41,7,0.38573810312306744,'2025-02-26 11:16:00'),(42,41,22,0.3340852305604459,'2025-02-26 11:16:00'),(43,31,19,0.8190806985408748,'2025-02-26 13:19:40'),(44,31,18,0.7765840660048009,'2025-02-26 13:19:40'),(45,31,38,0.7147396526527291,'2025-02-26 13:19:40'),(46,31,12,0.7147396526527291,'2025-02-26 13:19:40'),(47,31,39,0.6499928591954067,'2025-02-26 13:19:40'),(48,31,14,0.4555639439475255,'2025-02-26 13:19:40'),(49,29,25,0.9987665790762962,'2025-02-26 13:36:01'),(50,29,17,0.8680665631469501,'2025-02-26 13:36:01'),(51,29,20,0.46694292680469285,'2025-02-26 13:36:01'),(52,28,12,0.9960874576967951,'2025-02-26 13:49:15'),(53,28,38,0.9960874576967951,'2025-02-26 13:49:15'),(54,28,8,0.991515509037642,'2025-02-26 13:49:15'),(55,28,26,0.7635091909569113,'2025-02-26 13:49:15'),(56,28,18,0.750662767098034,'2025-02-26 13:49:15'),(57,28,30,0.7428221938235325,'2025-02-26 13:49:15'),(58,28,19,0.731933823685303,'2025-02-26 13:49:15'),(59,28,27,0.728000427097067,'2025-02-26 13:49:15'),(60,28,22,0.7278682336497342,'2025-02-26 13:49:15'),(61,28,31,0.6970980483448151,'2025-02-26 13:49:15'),(62,28,7,0.640238829654398,'2025-02-26 13:49:15'),(63,28,2,0.6048471099154027,'2025-02-26 13:49:15'),(64,28,21,0.6006180722981717,'2025-02-26 13:49:15'),(65,28,20,0.5952825979803305,'2025-02-26 13:49:15'),(66,28,5,0.5823069556931638,'2025-02-26 13:49:15'),(67,28,24,0.5719188989455656,'2025-02-26 13:49:15'),(68,28,6,0.5440138846207174,'2025-02-26 13:49:15'),(69,28,4,0.5405073117582474,'2025-02-26 13:49:15'),(70,28,13,0.5336877818143403,'2025-02-26 13:49:15'),(71,28,39,0.5336877818143403,'2025-02-26 13:49:15'),(72,27,18,0.9944151163802506,'2025-02-26 13:49:42'),(73,27,34,0.9921280814295405,'2025-02-26 13:49:42'),(74,27,40,0.9913436180864797,'2025-02-26 13:49:42'),(75,27,16,0.9913436180864797,'2025-02-26 13:49:42'),(76,27,26,0.9869735193669801,'2025-02-26 13:49:42'),(77,27,30,0.9868544671702437,'2025-02-26 13:49:42'),(78,27,22,0.9608565108933628,'2025-02-26 13:49:42'),(79,27,21,0.9293230615191836,'2025-02-26 13:49:43'),(80,27,24,0.9040311870740527,'2025-02-26 13:49:43'),(81,27,7,0.8633315089699992,'2025-02-26 13:49:43'),(82,27,32,0.8382299044565585,'2025-02-26 13:49:43'),(83,27,2,0.8209190966319334,'2025-02-26 13:49:43'),(84,27,33,0.6640257252525568,'2025-02-26 13:49:43'),(85,27,20,0.6436419041726799,'2025-02-26 13:49:43'),(86,27,41,0.31102079458460785,'2025-02-26 13:49:43'),(87,27,23,0.31102079458460785,'2025-02-26 13:49:43'),(88,27,15,0.3060810553481854,'2025-02-26 13:49:43'),(89,27,25,0.2629817719202521,'2025-02-26 13:49:43'),(90,27,29,0.26027137655062677,'2025-02-26 13:49:43'),(91,27,17,0.09974872815299071,'2025-02-26 13:49:43'),(92,22,18,0.9682226703607771,'2025-02-26 15:26:51'),(93,22,26,0.9648820152355306,'2025-02-26 15:26:51'),(94,22,30,0.9611224068247692,'2025-02-26 15:26:51'),(95,22,27,0.9608565108933628,'2025-02-26 15:26:51'),(96,22,34,0.9598347973941066,'2025-02-26 15:26:51'),(97,22,19,0.9417029886067451,'2025-02-26 15:26:51'),(98,22,7,0.9222231917028254,'2025-02-26 15:26:51'),(99,22,21,0.9006517389079239,'2025-02-26 15:26:51'),(100,22,4,0.8924182890599203,'2025-02-26 15:26:51'),(101,22,32,0.8863909157208587,'2025-02-26 15:26:51'),(102,22,24,0.8798925656843058,'2025-02-26 15:26:51'),(103,22,13,0.8710388958613803,'2025-02-26 15:26:51'),(104,22,39,0.8710388958613803,'2025-02-26 15:26:51'),(105,22,2,0.8493754449611455,'2025-02-26 15:26:51'),(106,22,6,0.8322825774707858,'2025-02-26 15:26:51'),(107,22,31,0.771864976629629,'2025-02-26 15:26:51'),(108,22,12,0.7541680847816638,'2025-02-26 15:26:51'),(109,22,38,0.7541680847816638,'2025-02-26 15:26:51'),(110,22,28,0.7278682336497342,'2025-02-26 15:26:51'),(111,22,33,0.6670063053278856,'2025-02-26 15:26:51');
/*!40000 ALTER TABLE `semantic_scores` ENABLE KEYS */;
UNLOCK TABLES;

--
-- Table structure for table `similarity_scores`
--

DROP TABLE IF EXISTS `similarity_scores`;
/*!40101 SET @saved_cs_client     = @@character_set_client */;
/*!50503 SET character_set_client = utf8mb4 */;
CREATE TABLE `similarity_scores` (
  `sid` int NOT NULL AUTO_INCREMENT,
  `scanid` int NOT NULL,
  `vsscanid` int NOT NULL,
  `score` double NOT NULL,
  `test_date` datetime DEFAULT NULL,
  PRIMARY KEY (`sid`),
  UNIQUE KEY `combination` (`scanid`,`vsscanid`),
  KEY `ref_scanlist_similarity_index_sid_idx` (`scanid`),
  KEY `ref_scanlist_similarity_index_vssid_idx` (`vsscanid`),
  CONSTRAINT `ref_scanlist_similarity_index_sid` FOREIGN KEY (`scanid`) REFERENCES `scanlist` (`scanid`) ON DELETE CASCADE ON UPDATE CASCADE,
  CONSTRAINT `ref_scanlist_similarity_index_vssid` FOREIGN KEY (`vsscanid`) REFERENCES `scanlist` (`scanid`) ON DELETE CASCADE ON UPDATE CASCADE
) ENGINE=InnoDB AUTO_INCREMENT=1002 DEFAULT CHARSET=utf8mb4 COLLATE=utf8mb4_general_ci;
/*!40101 SET character_set_client = @saved_cs_client */;

--
-- Dumping data for table `similarity_scores`
--

LOCK TABLES `similarity_scores` WRITE;
/*!40000 ALTER TABLE `similarity_scores` DISABLE KEYS */;
INSERT INTO `similarity_scores` VALUES (1,32,27,0.46,'2025-02-26 08:02:50'),(2,32,26,0.42,'2025-02-26 08:02:50'),(3,32,23,0.4,'2025-02-26 08:02:50'),(4,32,21,0.37,'2025-02-26 08:02:50'),(5,32,24,0.34,'2025-02-26 08:02:50'),(6,32,30,0.34,'2025-02-26 08:02:50'),(7,32,2,0.29,'2025-02-26 08:02:50'),(8,32,7,0.29,'2025-02-26 08:02:50'),(9,32,4,0.25,'2025-02-26 08:02:50'),(10,32,16,0.22,'2025-02-26 08:02:50'),(11,32,15,0.2,'2025-02-26 08:02:50'),(12,32,20,0.2,'2025-02-26 08:02:50'),(13,32,3,0.17,'2025-02-26 08:02:50'),(14,32,17,0.17,'2025-02-26 08:02:50'),(15,32,18,0.17,'2025-02-26 08:02:50'),(16,32,22,0.16,'2025-02-26 08:02:50'),(17,32,25,0.16,'2025-02-26 08:02:50'),(18,32,31,0.16,'2025-02-26 08:02:50'),(19,32,29,0.14,'2025-02-26 08:02:50'),(20,32,28,0.12,'2025-02-26 08:02:50'),(21,33,32,0.52,'2025-02-26 08:24:29'),(22,33,23,0.41,'2025-02-26 08:24:29'),(23,33,21,0.39,'2025-02-26 08:24:29'),(24,33,24,0.36,'2025-02-26 08:24:29'),(25,33,30,0.36,'2025-02-26 08:24:29'),(26,33,27,0.31,'2025-02-26 08:24:29'),(27,33,16,0.29,'2025-02-26 08:24:29'),(28,33,26,0.29,'2025-02-26 08:24:29'),(29,33,2,0.26,'2025-02-26 08:24:29'),(30,33,7,0.26,'2025-02-26 08:24:29'),(31,33,20,0.25,'2025-02-26 08:24:29'),(32,33,4,0.22,'2025-02-26 08:24:29'),(33,33,25,0.2,'2025-02-26 08:24:29'),(34,33,15,0.18,'2025-02-26 08:24:29'),(35,33,29,0.18,'2025-02-26 08:24:29'),(36,33,3,0.16,'2025-02-26 08:24:29'),(37,33,17,0.15,'2025-02-26 08:24:29'),(38,33,18,0.15,'2025-02-26 08:24:29'),(39,33,22,0.14,'2025-02-26 08:24:29'),(40,33,28,0.11,'2025-02-26 08:24:29'),(41,34,24,0.62,'2025-02-26 08:28:40'),(42,34,30,0.62,'2025-02-26 08:28:40'),(43,34,16,0.61,'2025-02-26 08:28:40'),(44,34,21,0.5,'2025-02-26 08:28:40'),(45,34,23,0.37,'2025-02-26 08:28:40'),(46,34,27,0.33,'2025-02-26 08:28:40'),(47,34,17,0.31,'2025-02-26 08:28:40'),(48,34,26,0.31,'2025-02-26 08:28:40'),(49,34,25,0.29,'2025-02-26 08:28:40'),(50,34,20,0.27,'2025-02-26 08:28:40'),(51,34,29,0.26,'2025-02-26 08:28:40'),(52,34,33,0.24,'2025-02-26 08:28:40'),(53,34,15,0.19,'2025-02-26 08:28:40'),(54,34,32,0.18,'2025-02-26 08:28:40'),(55,34,4,0.15,'2025-02-26 08:28:40'),(56,34,12,0.15,'2025-02-26 08:28:40'),(57,34,18,0.15,'2025-02-26 08:28:40'),(58,34,22,0.14,'2025-02-26 08:28:40'),(59,34,5,0.03,'2025-02-26 08:28:40'),(60,35,16,0.45,'2025-02-26 08:39:49'),(61,35,24,0.39,'2025-02-26 08:39:49'),(62,35,30,0.39,'2025-02-26 08:39:49'),(63,35,34,0.37,'2025-02-26 08:39:49'),(64,35,21,0.3,'2025-02-26 08:39:49'),(65,35,32,0.3,'2025-02-26 08:39:49'),(66,35,4,0.27,'2025-02-26 08:39:49'),(67,35,23,0.27,'2025-02-26 08:39:49'),(68,35,26,0.23,'2025-02-26 08:39:49'),(69,35,33,0.23,'2025-02-26 08:39:49'),(70,35,3,0.21,'2025-02-26 08:39:49'),(71,35,29,0.19,'2025-02-26 08:39:49'),(72,35,27,0.18,'2025-02-26 08:39:49'),(73,35,17,0.17,'2025-02-26 08:39:49'),(74,35,20,0.16,'2025-02-26 08:39:49'),(75,35,25,0.16,'2025-02-26 08:39:49'),(76,35,15,0.14,'2025-02-26 08:39:49'),(77,35,2,0.12,'2025-02-26 08:39:49'),(78,35,7,0.12,'2025-02-26 08:39:49'),(79,35,28,0.12,'2025-02-26 08:39:49'),(80,36,25,0.62,'2025-02-26 09:05:18'),(81,36,29,0.56,'2025-02-26 09:05:18'),(82,36,20,0.54,'2025-02-26 09:05:18'),(83,36,17,0.53,'2025-02-26 09:05:18'),(84,36,4,0.27,'2025-02-26 09:05:18'),(85,36,35,0.26,'2025-02-26 09:05:18'),(86,36,3,0.2,'2025-02-26 09:05:18'),(87,36,33,0.2,'2025-02-26 09:05:18'),(88,36,16,0.18,'2025-02-26 09:05:18'),(89,36,32,0.16,'2025-02-26 09:05:18'),(90,36,21,0.14,'2025-02-26 09:05:18'),(91,36,27,0.14,'2025-02-26 09:05:18'),(92,36,34,0.14,'2025-02-26 09:05:18'),(93,36,14,0.13,'2025-02-26 09:05:18'),(94,36,24,0.13,'2025-02-26 09:05:18'),(95,36,26,0.13,'2025-02-26 09:05:18'),(96,36,30,0.13,'2025-02-26 09:05:18'),(97,36,13,0.12,'2025-02-26 09:05:18'),(98,36,19,0.12,'2025-02-26 09:05:18'),(99,36,23,0.11,'2025-02-26 09:05:18'),(100,37,35,1,'2025-02-26 10:12:33'),(101,37,16,0.45,'2025-02-26 10:12:33'),(102,37,24,0.39,'2025-02-26 10:12:33'),(103,37,30,0.39,'2025-02-26 10:12:33'),(104,37,34,0.37,'2025-02-26 10:12:33'),(105,37,21,0.3,'2025-02-26 10:12:33'),(106,37,32,0.3,'2025-02-26 10:12:33'),(107,37,4,0.27,'2025-02-26 10:12:33'),(108,37,23,0.27,'2025-02-26 10:12:33'),(109,37,36,0.26,'2025-02-26 10:12:33'),(110,37,26,0.23,'2025-02-26 10:12:33'),(111,37,33,0.23,'2025-02-26 10:12:33'),(112,37,3,0.21,'2025-02-26 10:12:33'),(113,37,29,0.19,'2025-02-26 10:12:33'),(114,37,27,0.18,'2025-02-26 10:12:33'),(115,37,17,0.17,'2025-02-26 10:12:33'),(116,37,20,0.16,'2025-02-26 10:12:33'),(117,37,25,0.16,'2025-02-26 10:12:33'),(118,37,15,0.14,'2025-02-26 10:12:33'),(119,37,2,0.12,'2025-02-26 10:12:33'),(120,38,12,1,'2025-02-26 10:13:58'),(121,38,18,0.57,'2025-02-26 10:13:58'),(122,38,22,0.53,'2025-02-26 10:13:58'),(123,38,14,0.43,'2025-02-26 10:13:58'),(124,38,13,0.4,'2025-02-26 10:13:58'),(125,38,19,0.4,'2025-02-26 10:13:58'),(126,38,31,0.4,'2025-02-26 10:13:58'),(127,38,28,0.31,'2025-02-26 10:13:58'),(128,38,15,0.17,'2025-02-26 10:13:58'),(129,38,20,0.16,'2025-02-26 10:13:58'),(130,38,21,0.15,'2025-02-26 10:13:58'),(131,38,27,0.15,'2025-02-26 10:13:58'),(132,38,34,0.15,'2025-02-26 10:13:58'),(133,38,17,0.14,'2025-02-26 10:13:58'),(134,38,24,0.14,'2025-02-26 10:13:58'),(135,38,26,0.14,'2025-02-26 10:13:58'),(136,38,30,0.14,'2025-02-26 10:13:58'),(137,38,25,0.13,'2025-02-26 10:13:58'),(138,38,29,0.12,'2025-02-26 10:13:58'),(139,38,23,0.11,'2025-02-26 10:13:58'),(140,39,13,1,'2025-02-26 10:15:12'),(141,39,14,0.8,'2025-02-26 10:15:12'),(142,39,19,0.75,'2025-02-26 10:15:12'),(143,39,38,0.4,'2025-02-26 10:15:12'),(144,39,12,0.4,'2025-02-26 10:15:12'),(145,39,18,0.4,'2025-02-26 10:15:12'),(146,39,28,0.39,'2025-02-26 10:15:12'),(147,39,22,0.37,'2025-02-26 10:15:12'),(148,39,31,0.37,'2025-02-26 10:15:12'),(149,39,3,0.22,'2025-02-26 10:15:12'),(150,39,20,0.15,'2025-02-26 10:15:12'),(151,39,17,0.13,'2025-02-26 10:15:12'),(152,39,36,0.12,'2025-02-26 10:15:12'),(153,39,25,0.12,'2025-02-26 10:15:12'),(154,39,4,0.11,'2025-02-26 10:15:12'),(155,39,29,0.11,'2025-02-26 10:15:12'),(156,39,7,0.09,'2025-02-26 10:15:12'),(157,39,5,0.08,'2025-02-26 10:15:12'),(158,39,2,0.07,'2025-02-26 10:15:12'),(159,39,35,0.05,'2025-02-26 10:15:12'),(160,40,16,1,'2025-02-26 10:20:10'),(161,40,34,0.61,'2025-02-26 10:20:10'),(162,40,24,0.57,'2025-02-26 10:20:10'),(163,40,30,0.57,'2025-02-26 10:20:10'),(164,40,35,0.45,'2025-02-26 10:20:10'),(165,40,37,0.45,'2025-02-26 10:20:10'),(166,40,21,0.41,'2025-02-26 10:20:10'),(167,40,23,0.3,'2025-02-26 10:20:10'),(168,40,33,0.29,'2025-02-26 10:20:10'),(169,40,32,0.22,'2025-02-26 10:20:10'),(170,40,20,0.22,'2025-02-26 10:20:10'),(171,40,27,0.2,'2025-02-26 10:20:10'),(172,40,4,0.19,'2025-02-26 10:20:10'),(173,40,17,0.19,'2025-02-26 10:20:10'),(174,40,26,0.19,'2025-02-26 10:20:10'),(175,40,36,0.18,'2025-02-26 10:20:10'),(176,40,25,0.18,'2025-02-26 10:20:10'),(177,40,29,0.16,'2025-02-26 10:20:10'),(178,40,15,0.08,'2025-02-26 10:20:10'),(179,40,5,0.04,'2025-02-26 10:20:10'),(180,41,23,1,'2025-02-26 11:14:26'),(181,41,21,0.62,'2025-02-26 11:14:26'),(182,41,24,0.57,'2025-02-26 11:14:26'),(183,41,30,0.57,'2025-02-26 11:14:26'),(184,41,27,0.49,'2025-02-26 11:14:26'),(185,41,2,0.46,'2025-02-26 11:14:26'),(186,41,26,0.46,'2025-02-26 11:14:26'),(187,41,7,0.41,'2025-02-26 11:14:26'),(188,41,33,0.41,'2025-02-26 11:14:26'),(189,41,32,0.4,'2025-02-26 11:14:26'),(190,41,15,0.37,'2025-02-26 11:14:26'),(191,41,34,0.37,'2025-02-26 11:14:26'),(192,41,18,0.34,'2025-02-26 11:14:26'),(193,41,22,0.32,'2025-02-26 11:14:26'),(194,41,16,0.3,'2025-02-26 11:14:26'),(195,41,40,0.3,'2025-02-26 11:14:26'),(196,41,35,0.27,'2025-02-26 11:14:26'),(197,41,37,0.27,'2025-02-26 11:14:26'),(198,41,28,0.25,'2025-02-26 11:14:26'),(199,41,3,0.24,'2025-02-26 11:14:26'),(200,31,38,0.4,'2025-02-26 13:19:18'),(201,31,12,0.4,'2025-02-26 13:19:18'),(202,31,14,0.4,'2025-02-26 13:19:18'),(203,31,18,0.4,'2025-02-26 13:19:18'),(204,31,39,0.37,'2025-02-26 13:19:18'),(205,31,13,0.37,'2025-02-26 13:19:18'),(206,31,19,0.37,'2025-02-26 13:19:18'),(207,31,22,0.37,'2025-02-26 13:19:18'),(208,31,28,0.29,'2025-02-26 13:19:18'),(209,31,32,0.16,'2025-02-26 13:19:18'),(210,31,35,0.11,'2025-02-26 13:19:18'),(211,31,37,0.11,'2025-02-26 13:19:18'),(212,31,5,0.08,'2025-02-26 13:19:18'),(213,31,20,0.08,'2025-02-26 13:19:18'),(214,31,33,0.07,'2025-02-26 13:19:18'),(215,31,7,0.07,'2025-02-26 13:19:18'),(216,31,15,0.05,'2025-02-26 13:19:18'),(217,31,3,0.04,'2025-02-26 13:19:18'),(218,31,4,0.03,'2025-02-26 13:19:18'),(219,31,2,0.02,'2025-02-26 13:19:18'),(220,30,24,0.71,'2025-02-26 13:28:47'),(221,30,21,0.62,'2025-02-26 13:28:47'),(222,30,34,0.62,'2025-02-26 13:28:47'),(223,30,16,0.57,'2025-02-26 13:28:47'),(224,30,23,0.57,'2025-02-26 13:28:47'),(225,30,40,0.57,'2025-02-26 13:28:47'),(226,30,41,0.57,'2025-02-26 13:28:47'),(227,30,27,0.46,'2025-02-26 13:28:47'),(228,30,26,0.43,'2025-02-26 13:28:47'),(229,30,35,0.39,'2025-02-26 13:28:47'),(230,30,37,0.39,'2025-02-26 13:28:47'),(231,30,33,0.36,'2025-02-26 13:28:47'),(232,30,32,0.34,'2025-02-26 13:28:47'),(233,30,15,0.29,'2025-02-26 13:28:47'),(234,30,17,0.29,'2025-02-26 13:28:47'),(235,30,18,0.29,'2025-02-26 13:28:47'),(236,30,22,0.27,'2025-02-26 13:28:47'),(237,30,25,0.27,'2025-02-26 13:28:47'),(238,30,20,0.25,'2025-02-26 13:28:47'),(239,30,2,0.24,'2025-02-26 13:28:47'),(240,29,25,0.78,'2025-02-26 13:35:23'),(241,29,17,0.72,'2025-02-26 13:35:23'),(242,29,20,0.62,'2025-02-26 13:35:23'),(243,29,36,0.56,'2025-02-26 13:35:23'),(244,29,4,0.36,'2025-02-26 13:35:23'),(245,29,26,0.36,'2025-02-26 13:35:23'),(246,29,28,0.35,'2025-02-26 13:35:23'),(247,29,21,0.26,'2025-02-26 13:35:23'),(248,29,27,0.26,'2025-02-26 13:35:23'),(249,29,34,0.26,'2025-02-26 13:35:23'),(250,29,3,0.25,'2025-02-26 13:35:23'),(251,29,24,0.24,'2025-02-26 13:35:23'),(252,29,30,0.24,'2025-02-26 13:35:23'),(253,29,23,0.19,'2025-02-26 13:35:23'),(254,29,35,0.19,'2025-02-26 13:35:23'),(255,29,37,0.19,'2025-02-26 13:35:23'),(256,29,41,0.19,'2025-02-26 13:35:23'),(257,29,5,0.18,'2025-02-26 13:35:23'),(258,29,33,0.18,'2025-02-26 13:35:23'),(259,29,16,0.16,'2025-02-26 13:35:23'),(260,28,14,0.42,'2025-02-26 13:47:29'),(261,28,18,0.42,'2025-02-26 13:47:29'),(262,28,13,0.39,'2025-02-26 13:47:29'),(263,28,19,0.39,'2025-02-26 13:47:29'),(264,28,22,0.39,'2025-02-26 13:47:29'),(265,28,39,0.39,'2025-02-26 13:47:29'),(266,28,3,0.35,'2025-02-26 13:47:29'),(267,28,29,0.35,'2025-02-26 13:47:29'),(268,28,2,0.31,'2025-02-26 13:47:29'),(269,28,12,0.31,'2025-02-26 13:47:29'),(270,28,38,0.31,'2025-02-26 13:47:29'),(271,28,7,0.3,'2025-02-26 13:47:29'),(272,28,31,0.29,'2025-02-26 13:47:29'),(273,28,4,0.25,'2025-02-26 13:47:29'),(274,28,23,0.25,'2025-02-26 13:47:29'),(275,28,41,0.25,'2025-02-26 13:47:29'),(276,28,5,0.24,'2025-02-26 13:47:29'),(277,28,26,0.21,'2025-02-26 13:47:29'),(278,28,15,0.17,'2025-02-26 13:47:29'),(279,28,20,0.12,'2025-02-26 13:47:29'),(280,27,26,0.62,'2025-02-26 13:48:00'),(281,27,21,0.5,'2025-02-26 13:48:00'),(282,27,23,0.49,'2025-02-26 13:48:00'),(283,27,41,0.49,'2025-02-26 13:48:00'),(284,27,24,0.46,'2025-02-26 13:48:00'),(285,27,30,0.46,'2025-02-26 13:48:00'),(286,27,32,0.46,'2025-02-26 13:48:00'),(287,27,34,0.33,'2025-02-26 13:48:00'),(288,27,15,0.31,'2025-02-26 13:48:00'),(289,27,17,0.31,'2025-02-26 13:48:00'),(290,27,18,0.31,'2025-02-26 13:48:00'),(291,27,33,0.31,'2025-02-26 13:48:00'),(292,27,22,0.29,'2025-02-26 13:48:00'),(293,27,25,0.29,'2025-02-26 13:48:00'),(294,27,20,0.27,'2025-02-26 13:48:00'),(295,27,2,0.26,'2025-02-26 13:48:00'),(296,27,7,0.26,'2025-02-26 13:48:00'),(297,27,29,0.26,'2025-02-26 13:48:00'),(298,27,16,0.2,'2025-02-26 13:48:00'),(299,27,40,0.2,'2025-02-26 13:48:00'),(300,26,27,0.62,'2025-02-26 15:03:14'),(301,26,21,0.46,'2025-02-26 15:03:14'),(302,26,23,0.46,'2025-02-26 15:03:14'),(303,26,41,0.46,'2025-02-26 15:03:14'),(304,26,24,0.43,'2025-02-26 15:03:14'),(305,26,30,0.43,'2025-02-26 15:03:14'),(306,26,32,0.42,'2025-02-26 15:03:14'),(307,26,29,0.36,'2025-02-26 15:03:14'),(308,26,4,0.32,'2025-02-26 15:03:14'),(309,26,34,0.31,'2025-02-26 15:03:14'),(310,26,2,0.29,'2025-02-26 15:03:14'),(311,26,7,0.29,'2025-02-26 15:03:14'),(312,26,15,0.29,'2025-02-26 15:03:14'),(313,26,17,0.29,'2025-02-26 15:03:14'),(314,26,18,0.29,'2025-02-26 15:03:14'),(315,26,33,0.29,'2025-02-26 15:03:14'),(316,26,22,0.27,'2025-02-26 15:03:14'),(317,26,25,0.27,'2025-02-26 15:03:14'),(318,26,20,0.25,'2025-02-26 15:03:14'),(319,26,3,0.23,'2025-02-26 15:03:14'),(320,25,17,0.8,'2025-02-26 15:03:23'),(321,25,29,0.78,'2025-02-26 15:03:23'),(322,25,20,0.69,'2025-02-26 15:03:23'),(323,25,36,0.62,'2025-02-26 15:03:23'),(324,25,21,0.29,'2025-02-26 15:03:23'),(325,25,27,0.29,'2025-02-26 15:03:23'),(326,25,34,0.29,'2025-02-26 15:03:23'),(327,25,4,0.27,'2025-02-26 15:03:23'),(328,25,24,0.27,'2025-02-26 15:03:23'),(329,25,26,0.27,'2025-02-26 15:03:23'),(330,25,30,0.27,'2025-02-26 15:03:23'),(331,25,23,0.21,'2025-02-26 15:03:23'),(332,25,41,0.21,'2025-02-26 15:03:23'),(333,25,3,0.2,'2025-02-26 15:03:23'),(334,25,33,0.2,'2025-02-26 15:03:23'),(335,25,16,0.18,'2025-02-26 15:03:23'),(336,25,40,0.18,'2025-02-26 15:03:23'),(337,25,15,0.16,'2025-02-26 15:03:23'),(338,25,32,0.16,'2025-02-26 15:03:23'),(339,25,35,0.16,'2025-02-26 15:03:23'),(340,24,30,0.71,'2025-02-26 15:23:21'),(341,24,21,0.62,'2025-02-26 15:23:21'),(342,24,34,0.62,'2025-02-26 15:23:21'),(343,24,16,0.57,'2025-02-26 15:23:21'),(344,24,23,0.57,'2025-02-26 15:23:21'),(345,24,40,0.57,'2025-02-26 15:23:21'),(346,24,41,0.57,'2025-02-26 15:23:21'),(347,24,27,0.46,'2025-02-26 15:23:21'),(348,24,26,0.43,'2025-02-26 15:23:21'),(349,24,35,0.39,'2025-02-26 15:23:21'),(350,24,37,0.39,'2025-02-26 15:23:21'),(351,24,33,0.36,'2025-02-26 15:23:21'),(352,24,32,0.34,'2025-02-26 15:23:21'),(353,24,15,0.29,'2025-02-26 15:23:21'),(354,24,17,0.29,'2025-02-26 15:23:21'),(355,24,18,0.29,'2025-02-26 15:23:21'),(356,24,22,0.27,'2025-02-26 15:23:21'),(357,24,25,0.27,'2025-02-26 15:23:21'),(358,24,20,0.25,'2025-02-26 15:23:21'),(359,24,2,0.24,'2025-02-26 15:23:21'),(360,23,41,1,'2025-02-26 15:23:34'),(361,23,21,0.62,'2025-02-26 15:23:34'),(362,23,24,0.57,'2025-02-26 15:23:34'),(363,23,30,0.57,'2025-02-26 15:23:34'),(364,23,27,0.49,'2025-02-26 15:23:34'),(365,23,2,0.46,'2025-02-26 15:23:34'),(366,23,26,0.46,'2025-02-26 15:23:34'),(367,23,7,0.41,'2025-02-26 15:23:34'),(368,23,33,0.41,'2025-02-26 15:23:34'),(369,23,32,0.4,'2025-02-26 15:23:34'),(370,23,15,0.37,'2025-02-26 15:23:34'),(371,23,34,0.37,'2025-02-26 15:23:34'),(372,23,18,0.34,'2025-02-26 15:23:34'),(373,23,22,0.32,'2025-02-26 15:23:34'),(374,23,16,0.3,'2025-02-26 15:23:34'),(375,23,40,0.3,'2025-02-26 15:23:34'),(376,23,35,0.27,'2025-02-26 15:23:34'),(377,23,37,0.27,'2025-02-26 15:23:34'),(378,23,28,0.25,'2025-02-26 15:23:34'),(379,23,3,0.24,'2025-02-26 15:23:34'),(380,22,18,0.67,'2025-02-26 15:25:45'),(381,22,12,0.53,'2025-02-26 15:25:45'),(382,22,38,0.53,'2025-02-26 15:25:45'),(383,22,14,0.4,'2025-02-26 15:25:45'),(384,22,28,0.39,'2025-02-26 15:25:45'),(385,22,13,0.37,'2025-02-26 15:25:45'),(386,22,19,0.37,'2025-02-26 15:25:45'),(387,22,31,0.37,'2025-02-26 15:25:45'),(388,22,39,0.37,'2025-02-26 15:25:45'),(389,22,23,0.32,'2025-02-26 15:25:45'),(390,22,41,0.32,'2025-02-26 15:25:45'),(391,22,7,0.3,'2025-02-26 15:25:45'),(392,22,21,0.29,'2025-02-26 15:25:45'),(393,22,27,0.29,'2025-02-26 15:25:45'),(394,22,15,0.27,'2025-02-26 15:25:45'),(395,22,24,0.27,'2025-02-26 15:25:45'),(396,22,26,0.27,'2025-02-26 15:25:45'),(397,22,30,0.27,'2025-02-26 15:25:45'),(398,22,2,0.25,'2025-02-26 15:25:45'),(399,22,3,0.17,'2025-02-26 15:25:45'),(400,21,23,0.62,'2025-02-26 15:27:35'),(401,21,24,0.62,'2025-02-26 15:27:35'),(402,21,30,0.62,'2025-02-26 15:27:35'),(403,21,41,0.62,'2025-02-26 15:27:35'),(404,21,27,0.5,'2025-02-26 15:27:35'),(405,21,34,0.5,'2025-02-26 15:27:35'),(406,21,26,0.46,'2025-02-26 15:27:35'),(407,21,16,0.41,'2025-02-26 15:27:35'),(408,21,40,0.41,'2025-02-26 15:27:35'),(409,21,33,0.39,'2025-02-26 15:27:35'),(410,21,32,0.37,'2025-02-26 15:27:35'),(411,21,15,0.31,'2025-02-26 15:27:35'),(412,21,17,0.31,'2025-02-26 15:27:35'),(413,21,18,0.31,'2025-02-26 15:27:35'),(414,21,35,0.3,'2025-02-26 15:27:35'),(415,21,37,0.3,'2025-02-26 15:27:35'),(416,21,22,0.29,'2025-02-26 15:27:35'),(417,21,25,0.29,'2025-02-26 15:27:35'),(418,21,20,0.27,'2025-02-26 15:27:35'),(419,21,2,0.26,'2025-02-26 15:27:35'),(420,20,25,0.69,'2025-02-26 15:53:36'),(421,20,29,0.62,'2025-02-26 15:53:36'),(422,20,17,0.58,'2025-02-26 15:53:36'),(423,20,36,0.54,'2025-02-26 15:53:36'),(424,20,21,0.27,'2025-02-26 15:53:36'),(425,20,27,0.27,'2025-02-26 15:53:36'),(426,20,34,0.27,'2025-02-26 15:53:36'),(427,20,4,0.25,'2025-02-26 15:53:36'),(428,20,24,0.25,'2025-02-26 15:53:36'),(429,20,26,0.25,'2025-02-26 15:53:36'),(430,20,30,0.25,'2025-02-26 15:53:36'),(431,20,33,0.25,'2025-02-26 15:53:36'),(432,20,16,0.22,'2025-02-26 15:53:36'),(433,20,40,0.22,'2025-02-26 15:53:36'),(434,20,23,0.2,'2025-02-26 15:53:36'),(435,20,32,0.2,'2025-02-26 15:53:36'),(436,20,41,0.2,'2025-02-26 15:53:36'),(437,20,3,0.17,'2025-02-26 15:53:36'),(438,20,12,0.16,'2025-02-26 15:53:36'),(439,20,14,0.16,'2025-02-26 15:53:36'),(440,19,14,0.8,'2025-02-26 19:12:33'),(441,19,39,0.75,'2025-02-26 19:12:33'),(442,19,13,0.75,'2025-02-26 19:12:33'),(443,19,38,0.4,'2025-02-26 19:12:33'),(444,19,12,0.4,'2025-02-26 19:12:33'),(445,19,18,0.4,'2025-02-26 19:12:33'),(446,19,28,0.39,'2025-02-26 19:12:33'),(447,19,22,0.37,'2025-02-26 19:12:33'),(448,19,31,0.37,'2025-02-26 19:12:33'),(449,19,3,0.22,'2025-02-26 19:12:33'),(450,19,20,0.15,'2025-02-26 19:12:33'),(451,19,17,0.13,'2025-02-26 19:12:33'),(452,19,36,0.12,'2025-02-26 19:12:33'),(453,19,25,0.12,'2025-02-26 19:12:33'),(454,19,4,0.11,'2025-02-26 19:12:33'),(455,19,29,0.11,'2025-02-26 19:12:33'),(456,19,7,0.09,'2025-02-26 19:12:33'),(457,19,5,0.08,'2025-02-26 19:12:33'),(458,19,2,0.07,'2025-02-26 19:12:33'),(459,19,35,0.05,'2025-02-26 19:12:33'),(460,18,22,0.67,'2025-02-26 19:13:07'),(461,18,12,0.57,'2025-02-26 19:13:07'),(462,18,38,0.57,'2025-02-26 19:13:07'),(463,18,14,0.43,'2025-02-26 19:13:07'),(464,18,28,0.42,'2025-02-26 19:13:07'),(465,18,13,0.4,'2025-02-26 19:13:07'),(466,18,19,0.4,'2025-02-26 19:13:07'),(467,18,31,0.4,'2025-02-26 19:13:07'),(468,18,39,0.4,'2025-02-26 19:13:07'),(469,18,23,0.34,'2025-02-26 19:13:07'),(470,18,41,0.34,'2025-02-26 19:13:07'),(471,18,7,0.32,'2025-02-26 19:13:07'),(472,18,21,0.31,'2025-02-26 19:13:07'),(473,18,27,0.31,'2025-02-26 19:13:07'),(474,18,15,0.29,'2025-02-26 19:13:07'),(475,18,24,0.29,'2025-02-26 19:13:07'),(476,18,26,0.29,'2025-02-26 19:13:07'),(477,18,30,0.29,'2025-02-26 19:13:07'),(478,18,2,0.27,'2025-02-26 19:13:07'),(479,18,3,0.18,'2025-02-26 19:13:07'),(480,17,25,0.8,'2025-02-26 20:13:48'),(481,17,29,0.72,'2025-02-26 20:13:48'),(482,17,20,0.58,'2025-02-26 20:13:48'),(483,17,36,0.53,'2025-02-26 20:13:48'),(484,17,21,0.31,'2025-02-26 20:13:48'),(485,17,27,0.31,'2025-02-26 20:13:48'),(486,17,34,0.31,'2025-02-26 20:13:48'),(487,17,4,0.29,'2025-02-26 20:13:48'),(488,17,24,0.29,'2025-02-26 20:13:48'),(489,17,26,0.29,'2025-02-26 20:13:48'),(490,17,30,0.29,'2025-02-26 20:13:48'),(491,17,23,0.23,'2025-02-26 20:13:48'),(492,17,41,0.23,'2025-02-26 20:13:48'),(493,17,3,0.2,'2025-02-26 20:13:48'),(494,17,16,0.19,'2025-02-26 20:13:48'),(495,17,40,0.19,'2025-02-26 20:13:48'),(496,17,15,0.17,'2025-02-26 20:13:48'),(497,17,32,0.17,'2025-02-26 20:13:48'),(498,17,35,0.17,'2025-02-26 20:13:48'),(499,17,37,0.17,'2025-02-26 20:13:48'),(500,16,40,1,'2025-02-26 20:13:55'),(501,16,34,0.61,'2025-02-26 20:13:55'),(502,16,24,0.57,'2025-02-26 20:13:55'),(503,16,30,0.57,'2025-02-26 20:13:55'),(504,16,35,0.45,'2025-02-26 20:13:55'),(505,16,37,0.45,'2025-02-26 20:13:55'),(506,16,21,0.41,'2025-02-26 20:13:55'),(507,16,41,0.3,'2025-02-26 20:13:55'),(508,16,23,0.3,'2025-02-26 20:13:55'),(509,16,33,0.29,'2025-02-26 20:13:55'),(510,16,32,0.22,'2025-02-26 20:13:55'),(511,16,20,0.22,'2025-02-26 20:13:55'),(512,16,27,0.2,'2025-02-26 20:13:55'),(513,16,4,0.19,'2025-02-26 20:13:55'),(514,16,17,0.19,'2025-02-26 20:13:55'),(515,16,26,0.19,'2025-02-26 20:13:55'),(516,16,36,0.18,'2025-02-26 20:13:55'),(517,16,25,0.18,'2025-02-26 20:13:55'),(518,16,29,0.16,'2025-02-26 20:13:55'),(519,16,15,0.08,'2025-02-26 20:13:55'),(520,15,23,0.37,'2025-02-26 20:14:02'),(521,15,41,0.37,'2025-02-26 20:14:02'),(522,15,21,0.31,'2025-02-26 20:14:02'),(523,15,27,0.31,'2025-02-26 20:14:02'),(524,15,18,0.29,'2025-02-26 20:14:02'),(525,15,24,0.29,'2025-02-26 20:14:02'),(526,15,26,0.29,'2025-02-26 20:14:02'),(527,15,30,0.29,'2025-02-26 20:14:02'),(528,15,22,0.27,'2025-02-26 20:14:02'),(529,15,2,0.23,'2025-02-26 20:14:02'),(530,15,7,0.22,'2025-02-26 20:14:02'),(531,15,32,0.2,'2025-02-26 20:14:02'),(532,15,34,0.19,'2025-02-26 20:14:02'),(533,15,33,0.18,'2025-02-26 20:14:02'),(534,15,12,0.17,'2025-02-26 20:14:02'),(535,15,17,0.17,'2025-02-26 20:14:02'),(536,15,28,0.17,'2025-02-26 20:14:02'),(537,15,38,0.17,'2025-02-26 20:14:02'),(538,15,25,0.16,'2025-02-26 20:14:02'),(539,15,29,0.14,'2025-02-26 20:14:02'),(540,14,39,0.8,'2025-02-26 20:14:16'),(541,14,13,0.8,'2025-02-26 20:14:16'),(542,14,19,0.8,'2025-02-26 20:14:16'),(543,14,38,0.43,'2025-02-26 20:14:16'),(544,14,12,0.43,'2025-02-26 20:14:16'),(545,14,18,0.43,'2025-02-26 20:14:16'),(546,14,28,0.42,'2025-02-26 20:14:16'),(547,14,22,0.4,'2025-02-26 20:14:16'),(548,14,31,0.4,'2025-02-26 20:14:16'),(549,14,3,0.24,'2025-02-26 20:14:16'),(550,14,20,0.16,'2025-02-26 20:14:16'),(551,14,17,0.14,'2025-02-26 20:14:16'),(552,14,36,0.13,'2025-02-26 20:14:16'),(553,14,25,0.13,'2025-02-26 20:14:16'),(554,14,29,0.12,'2025-02-26 20:14:16'),(555,14,4,0.11,'2025-02-26 20:14:16'),(556,14,7,0.1,'2025-02-26 20:14:16'),(557,14,5,0.09,'2025-02-26 20:14:16'),(558,14,2,0.08,'2025-02-26 20:14:16'),(559,14,35,0.06,'2025-02-26 20:14:16'),(560,13,39,1,'2025-02-26 20:14:25'),(561,13,14,0.8,'2025-02-26 20:14:25'),(562,13,19,0.75,'2025-02-26 20:14:25'),(563,13,38,0.4,'2025-02-26 20:14:25'),(564,13,12,0.4,'2025-02-26 20:14:25'),(565,13,18,0.4,'2025-02-26 20:14:25'),(566,13,28,0.39,'2025-02-26 20:14:25'),(567,13,22,0.37,'2025-02-26 20:14:25'),(568,13,31,0.37,'2025-02-26 20:14:25'),(569,13,3,0.22,'2025-02-26 20:14:25'),(570,13,20,0.15,'2025-02-26 20:14:25'),(571,13,17,0.13,'2025-02-26 20:14:25'),(572,13,36,0.12,'2025-02-26 20:14:25'),(573,13,25,0.12,'2025-02-26 20:14:25'),(574,13,4,0.11,'2025-02-26 20:14:25'),(575,13,29,0.11,'2025-02-26 20:14:25'),(576,13,7,0.09,'2025-02-26 20:14:25'),(577,13,5,0.08,'2025-02-26 20:14:25'),(578,13,2,0.07,'2025-02-26 20:14:25'),(579,13,35,0.05,'2025-02-26 20:14:25'),(580,12,38,1,'2025-02-26 22:33:22'),(581,12,18,0.57,'2025-02-26 22:33:22'),(582,12,22,0.53,'2025-02-26 22:33:22'),(583,12,14,0.43,'2025-02-26 22:33:22'),(584,12,13,0.4,'2025-02-26 22:33:22'),(585,12,19,0.4,'2025-02-26 22:33:22'),(586,12,31,0.4,'2025-02-26 22:33:22'),(587,12,39,0.4,'2025-02-26 22:33:22'),(588,12,28,0.31,'2025-02-26 22:33:22'),(589,12,15,0.17,'2025-02-26 22:33:22'),(590,12,20,0.16,'2025-02-26 22:33:23'),(591,12,21,0.15,'2025-02-26 22:33:23'),(592,12,27,0.15,'2025-02-26 22:33:23'),(593,12,34,0.15,'2025-02-26 22:33:23'),(594,12,17,0.14,'2025-02-26 22:33:23'),(595,12,24,0.14,'2025-02-26 22:33:23'),(596,12,26,0.14,'2025-02-26 22:33:23'),(597,12,30,0.14,'2025-02-26 22:33:23'),(598,12,25,0.13,'2025-02-26 22:33:23'),(599,12,29,0.12,'2025-02-26 22:33:23'),(600,11,5,0.06,'2025-02-26 22:34:12'),(601,11,4,0.05,'2025-02-26 22:34:12'),(602,10,9,0.09,'2025-02-26 23:19:49'),(603,10,1,0.08,'2025-02-26 23:19:49'),(604,10,6,0.04,'2025-02-26 23:19:49'),(605,10,7,0.02,'2025-02-26 23:19:49'),(606,9,10,0.09,'2025-02-27 07:02:01'),(607,9,4,0.04,'2025-02-27 07:02:01'),(608,9,5,0.04,'2025-02-27 07:02:01'),(609,9,6,0.02,'2025-02-27 07:02:01'),(610,9,3,0.01,'2025-02-27 07:02:01'),(611,9,8,0.01,'2025-02-27 07:02:01'),(612,8,3,0.07,'2025-02-27 07:02:52'),(613,8,6,0.07,'2025-02-27 07:02:52'),(614,8,36,0.05,'2025-02-27 07:02:52'),(615,8,4,0.05,'2025-02-27 07:02:52'),(616,8,39,0.05,'2025-02-27 07:02:52'),(617,8,7,0.05,'2025-02-27 07:02:52'),(618,8,13,0.05,'2025-02-27 07:02:52'),(619,8,14,0.05,'2025-02-27 07:02:52'),(620,8,17,0.05,'2025-02-27 07:02:52'),(621,8,19,0.05,'2025-02-27 07:02:52'),(622,8,25,0.05,'2025-02-27 07:02:52'),(623,8,28,0.04,'2025-02-27 07:02:52'),(624,8,29,0.04,'2025-02-27 07:02:52'),(625,8,20,0.03,'2025-02-27 07:02:52'),(626,8,2,0.02,'2025-02-27 07:02:52'),(627,8,35,0.02,'2025-02-27 07:02:52'),(628,8,37,0.02,'2025-02-27 07:02:52'),(629,8,5,0.01,'2025-02-27 07:02:52'),(630,8,9,0.01,'2025-02-27 07:02:52'),(631,7,2,0.51,'2025-02-27 07:09:21'),(632,7,23,0.41,'2025-02-27 07:09:21'),(633,7,41,0.41,'2025-02-27 07:09:21'),(634,7,3,0.38,'2025-02-27 07:09:21'),(635,7,18,0.32,'2025-02-27 07:09:21'),(636,7,22,0.3,'2025-02-27 07:09:21'),(637,7,28,0.3,'2025-02-27 07:09:21'),(638,7,26,0.29,'2025-02-27 07:09:21'),(639,7,32,0.29,'2025-02-27 07:09:21'),(640,7,21,0.26,'2025-02-27 07:09:21'),(641,7,27,0.26,'2025-02-27 07:09:21'),(642,7,33,0.26,'2025-02-27 07:09:21'),(643,7,24,0.24,'2025-02-27 07:09:21'),(644,7,30,0.24,'2025-02-27 07:09:21'),(645,7,15,0.22,'2025-02-27 07:09:21'),(646,7,4,0.13,'2025-02-27 07:09:21'),(647,7,35,0.12,'2025-02-27 07:09:21'),(648,7,37,0.12,'2025-02-27 07:09:21'),(649,7,5,0.1,'2025-02-27 07:09:21'),(650,7,14,0.1,'2025-02-27 07:09:21'),(651,6,2,0.11,'2025-02-27 07:15:13'),(652,6,7,0.08,'2025-02-27 07:15:13'),(653,6,8,0.07,'2025-02-27 07:15:13'),(654,6,3,0.06,'2025-02-27 07:15:13'),(655,6,23,0.06,'2025-02-27 07:15:13'),(656,6,41,0.06,'2025-02-27 07:15:13'),(657,6,4,0.04,'2025-02-27 07:15:13'),(658,6,10,0.04,'2025-02-27 07:15:13'),(659,6,18,0.04,'2025-02-27 07:15:13'),(660,6,21,0.04,'2025-02-27 07:15:13'),(661,6,22,0.04,'2025-02-27 07:15:13'),(662,6,24,0.04,'2025-02-27 07:15:13'),(663,6,26,0.04,'2025-02-27 07:15:13'),(664,6,27,0.04,'2025-02-27 07:15:13'),(665,6,28,0.04,'2025-02-27 07:15:13'),(666,6,30,0.04,'2025-02-27 07:15:13'),(667,6,32,0.04,'2025-02-27 07:15:13'),(668,6,33,0.04,'2025-02-27 07:15:13'),(669,6,5,0.03,'2025-02-27 07:15:13'),(670,6,15,0.03,'2025-02-27 07:15:13'),(671,42,29,0.7,'2025-02-27 07:36:28'),(672,42,23,0.69,'2025-02-27 07:36:28'),(673,42,24,0.69,'2025-02-27 07:36:28'),(674,42,41,0.69,'2025-02-27 07:36:28'),(675,42,25,0.64,'2025-02-27 07:36:28'),(676,42,30,0.63,'2025-02-27 07:36:28'),(677,42,21,0.62,'2025-02-27 07:36:28'),(678,42,27,0.62,'2025-02-27 07:36:28'),(679,42,17,0.6,'2025-02-27 07:36:28'),(680,42,26,0.57,'2025-02-27 07:36:28'),(681,42,20,0.54,'2025-02-27 07:36:28'),(682,42,34,0.52,'2025-02-27 07:36:28'),(683,42,28,0.51,'2025-02-27 07:36:28'),(684,42,16,0.48,'2025-02-27 07:36:28'),(685,42,40,0.48,'2025-02-27 07:36:28'),(686,42,36,0.42,'2025-02-27 07:36:28'),(687,42,32,0.41,'2025-02-27 07:36:28'),(688,42,33,0.41,'2025-02-27 07:36:28'),(689,42,18,0.39,'2025-02-27 07:36:28'),(690,42,4,0.38,'2025-02-27 07:36:28'),(691,43,42,1,'2025-02-27 07:43:54'),(692,43,29,0.7,'2025-02-27 07:43:54'),(693,43,23,0.69,'2025-02-27 07:43:54'),(694,43,24,0.69,'2025-02-27 07:43:54'),(695,43,41,0.69,'2025-02-27 07:43:54'),(696,43,25,0.64,'2025-02-27 07:43:54'),(697,43,30,0.63,'2025-02-27 07:43:54'),(698,43,21,0.62,'2025-02-27 07:43:54'),(699,43,27,0.62,'2025-02-27 07:43:54'),(700,43,17,0.6,'2025-02-27 07:43:54'),(701,43,26,0.57,'2025-02-27 07:43:54'),(702,43,20,0.54,'2025-02-27 07:43:54'),(703,43,34,0.52,'2025-02-27 07:43:54'),(704,43,28,0.51,'2025-02-27 07:43:54'),(705,43,16,0.48,'2025-02-27 07:43:54'),(706,43,40,0.48,'2025-02-27 07:43:54'),(707,43,36,0.42,'2025-02-27 07:43:54'),(708,43,32,0.41,'2025-02-27 07:43:54'),(709,43,33,0.41,'2025-02-27 07:43:54'),(710,43,18,0.39,'2025-02-27 07:43:54'),(711,44,10,1,'2025-02-27 08:09:42'),(712,44,9,0.09,'2025-02-27 08:09:42'),(713,44,1,0.08,'2025-02-27 08:09:42'),(714,44,6,0.04,'2025-02-27 08:09:42'),(715,44,7,0.02,'2025-02-27 08:09:42'),(716,5,4,0.57,'2025-02-27 11:07:17'),(717,5,28,0.24,'2025-02-27 11:07:17'),(718,5,26,0.21,'2025-02-27 11:07:17'),(719,5,3,0.19,'2025-02-27 11:07:17'),(720,5,29,0.18,'2025-02-27 11:07:17'),(721,5,42,0.16,'2025-02-27 11:07:17'),(722,5,43,0.16,'2025-02-27 11:07:17'),(723,5,2,0.13,'2025-02-27 11:07:17'),(724,5,7,0.1,'2025-02-27 11:07:17'),(725,5,35,0.1,'2025-02-27 11:07:17'),(726,5,37,0.1,'2025-02-27 11:07:17'),(727,5,12,0.09,'2025-02-27 11:07:17'),(728,5,14,0.09,'2025-02-27 11:07:17'),(729,5,18,0.09,'2025-02-27 11:07:17'),(730,5,38,0.09,'2025-02-27 11:07:17'),(731,5,13,0.08,'2025-02-27 11:07:17'),(732,5,19,0.08,'2025-02-27 11:07:17'),(733,5,22,0.08,'2025-02-27 11:07:17'),(734,5,31,0.08,'2025-02-27 11:07:17'),(735,5,39,0.08,'2025-02-27 11:07:17'),(736,45,42,1,'2025-02-27 11:19:01'),(737,45,43,1,'2025-02-27 11:19:01'),(738,45,29,0.7,'2025-02-27 11:19:01'),(739,45,23,0.69,'2025-02-27 11:19:01'),(740,45,24,0.69,'2025-02-27 11:19:01'),(741,45,41,0.69,'2025-02-27 11:19:01'),(742,45,25,0.64,'2025-02-27 11:19:01'),(743,45,30,0.63,'2025-02-27 11:19:01'),(744,45,21,0.62,'2025-02-27 11:19:01'),(745,45,27,0.62,'2025-02-27 11:19:01'),(746,45,17,0.6,'2025-02-27 11:19:01'),(747,45,26,0.57,'2025-02-27 11:19:01'),(748,45,20,0.54,'2025-02-27 11:19:01'),(749,45,34,0.52,'2025-02-27 11:19:01'),(750,45,28,0.51,'2025-02-27 11:19:01'),(751,45,16,0.48,'2025-02-27 11:19:01'),(752,45,40,0.48,'2025-02-27 11:19:01'),(753,45,36,0.42,'2025-02-27 11:19:01'),(754,45,32,0.41,'2025-02-27 11:19:01'),(755,45,33,0.41,'2025-02-27 11:19:01'),(756,46,17,1,'2025-02-27 11:22:39'),(757,46,25,0.8,'2025-02-27 11:22:39'),(758,46,29,0.72,'2025-02-27 11:22:39'),(759,46,42,0.6,'2025-02-27 11:22:39'),(760,46,43,0.6,'2025-02-27 11:22:39'),(761,46,45,0.6,'2025-02-27 11:22:39'),(762,46,20,0.58,'2025-02-27 11:22:39'),(763,46,36,0.53,'2025-02-27 11:22:39'),(764,46,21,0.31,'2025-02-27 11:22:39'),(765,46,27,0.31,'2025-02-27 11:22:39'),(766,46,34,0.31,'2025-02-27 11:22:39'),(767,46,4,0.29,'2025-02-27 11:22:39'),(768,46,24,0.29,'2025-02-27 11:22:39'),(769,46,26,0.29,'2025-02-27 11:22:39'),(770,46,30,0.29,'2025-02-27 11:22:39'),(771,46,23,0.23,'2025-02-27 11:22:39'),(772,46,41,0.23,'2025-02-27 11:22:39'),(773,46,3,0.2,'2025-02-27 11:22:39'),(774,46,16,0.19,'2025-02-27 11:22:39'),(775,46,40,0.19,'2025-02-27 11:22:39'),(776,47,33,1,'2025-02-27 11:24:35'),(777,47,32,0.52,'2025-02-27 11:24:35'),(778,47,23,0.41,'2025-02-27 11:24:35'),(779,47,41,0.41,'2025-02-27 11:24:35'),(780,47,42,0.41,'2025-02-27 11:24:35'),(781,47,43,0.41,'2025-02-27 11:24:35'),(782,47,45,0.41,'2025-02-27 11:24:35'),(783,47,21,0.39,'2025-02-27 11:24:35'),(784,47,24,0.36,'2025-02-27 11:24:35'),(785,47,30,0.36,'2025-02-27 11:24:35'),(786,47,27,0.31,'2025-02-27 11:24:35'),(787,47,16,0.29,'2025-02-27 11:24:35'),(788,47,26,0.29,'2025-02-27 11:24:35'),(789,47,40,0.29,'2025-02-27 11:24:35'),(790,47,2,0.26,'2025-02-27 11:24:35'),(791,47,7,0.26,'2025-02-27 11:24:35'),(792,47,20,0.25,'2025-02-27 11:24:35'),(793,47,34,0.24,'2025-02-27 11:24:35'),(794,47,35,0.23,'2025-02-27 11:24:35'),(795,47,37,0.23,'2025-02-27 11:24:35'),(796,48,13,1,'2025-02-27 12:56:56'),(797,48,39,1,'2025-02-27 12:56:56'),(798,48,14,0.8,'2025-02-27 12:56:56'),(799,48,19,0.75,'2025-02-27 12:56:56'),(800,48,12,0.4,'2025-02-27 12:56:56'),(801,48,18,0.4,'2025-02-27 12:56:56'),(802,48,38,0.4,'2025-02-27 12:56:56'),(803,48,28,0.39,'2025-02-27 12:56:56'),(804,48,22,0.37,'2025-02-27 12:56:56'),(805,48,31,0.37,'2025-02-27 12:56:56'),(806,48,3,0.22,'2025-02-27 12:56:56'),(807,48,42,0.17,'2025-02-27 12:56:56'),(808,48,43,0.17,'2025-02-27 12:56:56'),(809,48,45,0.17,'2025-02-27 12:56:56'),(810,48,20,0.15,'2025-02-27 12:56:56'),(811,48,17,0.13,'2025-02-27 12:56:56'),(812,48,46,0.13,'2025-02-27 12:56:56'),(813,48,25,0.12,'2025-02-27 12:56:56'),(814,48,36,0.12,'2025-02-27 12:56:56'),(815,48,4,0.11,'2025-02-27 12:56:56'),(816,49,10,1,'2025-02-27 13:21:07'),(817,49,44,1,'2025-02-27 13:21:07'),(818,49,9,0.09,'2025-02-27 13:21:07'),(819,49,1,0.08,'2025-02-27 13:21:07'),(820,49,6,0.04,'2025-02-27 13:21:07'),(821,49,7,0.02,'2025-02-27 13:21:07'),(822,28,42,0.51,'2025-02-27 15:09:29'),(823,28,43,0.51,'2025-02-27 15:09:29'),(824,28,45,0.51,'2025-02-27 15:09:29'),(831,28,48,0.39,'2025-02-27 15:09:29'),(844,15,42,0.35,'2025-02-27 15:16:31'),(845,15,43,0.35,'2025-02-27 15:16:31'),(846,15,45,0.35,'2025-02-27 15:16:31'),(859,15,47,0.18,'2025-02-27 15:16:31'),(862,35,37,1,'2025-02-27 15:17:58'),(864,35,40,0.45,'2025-02-27 15:17:58'),(867,35,42,0.38,'2025-02-27 15:17:58'),(868,35,43,0.38,'2025-02-27 15:17:58'),(869,35,45,0.38,'2025-02-27 15:17:58'),(875,35,41,0.27,'2025-02-27 15:17:58'),(876,35,36,0.26,'2025-02-27 15:17:58'),(879,35,47,0.23,'2025-02-27 15:17:58'),(882,32,33,0.52,'2025-02-27 15:18:23'),(883,32,47,0.52,'2025-02-27 15:18:23'),(886,32,42,0.41,'2025-02-27 15:18:23'),(887,32,43,0.41,'2025-02-27 15:18:23'),(888,32,45,0.41,'2025-02-27 15:18:23'),(890,32,41,0.4,'2025-02-27 15:18:23'),(894,32,35,0.3,'2025-02-27 15:18:23'),(895,32,37,0.3,'2025-02-27 15:18:23'),(900,32,40,0.22,'2025-02-27 15:18:23'),(902,50,13,1,'2025-02-27 20:12:48'),(903,50,39,1,'2025-02-27 20:12:48'),(904,50,48,1,'2025-02-27 20:12:48'),(905,50,14,0.8,'2025-02-27 20:12:48'),(906,50,19,0.75,'2025-02-27 20:12:48'),(907,50,12,0.4,'2025-02-27 20:12:48'),(908,50,18,0.4,'2025-02-27 20:12:48'),(909,50,38,0.4,'2025-02-27 20:12:48'),(910,50,28,0.39,'2025-02-27 20:12:48'),(911,50,22,0.37,'2025-02-27 20:12:48'),(912,50,31,0.37,'2025-02-27 20:12:48'),(913,50,3,0.22,'2025-02-27 20:12:48'),(914,50,42,0.17,'2025-02-27 20:12:48'),(915,50,43,0.17,'2025-02-27 20:12:48'),(916,50,45,0.17,'2025-02-27 20:12:48'),(917,50,20,0.15,'2025-02-27 20:12:48'),(918,50,17,0.13,'2025-02-27 20:12:48'),(919,50,46,0.13,'2025-02-27 20:12:48'),(920,50,25,0.12,'2025-02-27 20:12:48'),(921,50,36,0.12,'2025-02-27 20:12:48'),(922,4,5,0.57,'2025-02-27 21:05:57'),(923,4,42,0.38,'2025-02-27 21:05:57'),(924,4,43,0.38,'2025-02-27 21:05:57'),(925,4,45,0.38,'2025-02-27 21:05:57'),(926,4,29,0.36,'2025-02-27 21:05:57'),(927,4,26,0.32,'2025-02-27 21:05:57'),(928,4,17,0.29,'2025-02-27 21:05:57'),(929,4,46,0.29,'2025-02-27 21:05:57'),(930,4,3,0.28,'2025-02-27 21:05:57'),(931,4,25,0.27,'2025-02-27 21:05:57'),(932,4,35,0.27,'2025-02-27 21:05:57'),(933,4,36,0.27,'2025-02-27 21:05:57'),(934,4,37,0.27,'2025-02-27 21:05:57'),(935,4,20,0.25,'2025-02-27 21:05:57'),(936,4,28,0.25,'2025-02-27 21:05:57'),(937,4,32,0.25,'2025-02-27 21:05:57'),(938,4,33,0.22,'2025-02-27 21:05:57'),(939,4,47,0.22,'2025-02-27 21:05:57'),(940,4,23,0.21,'2025-02-27 21:05:57'),(941,4,41,0.21,'2025-02-27 21:05:57'),(942,51,17,0.26,'2025-02-27 21:15:53'),(943,51,46,0.26,'2025-02-27 21:15:53'),(944,51,25,0.24,'2025-02-27 21:15:53'),(945,51,36,0.24,'2025-02-27 21:15:53'),(946,51,29,0.22,'2025-02-27 21:15:53'),(947,51,42,0.18,'2025-02-27 21:15:53'),(948,51,43,0.18,'2025-02-27 21:15:53'),(949,51,45,0.18,'2025-02-27 21:15:53'),(950,51,20,0.16,'2025-02-27 21:15:53'),(951,51,4,0.13,'2025-02-27 21:15:53'),(952,51,18,0.1,'2025-02-27 21:15:53'),(953,51,22,0.1,'2025-02-27 21:15:53'),(954,51,23,0.08,'2025-02-27 21:15:53'),(955,51,41,0.08,'2025-02-27 21:15:53'),(956,51,2,0.07,'2025-02-27 21:15:53'),(957,51,7,0.07,'2025-02-27 21:15:53'),(958,51,12,0.07,'2025-02-27 21:15:53'),(959,51,13,0.07,'2025-02-27 21:15:53'),(960,51,21,0.07,'2025-02-27 21:15:53'),(961,51,28,0.07,'2025-02-27 21:15:53'),(982,52,51,1,'2025-02-28 09:34:22'),(983,52,17,0.25,'2025-02-28 09:34:22'),(984,52,46,0.25,'2025-02-28 09:34:22'),(985,52,25,0.24,'2025-02-28 09:34:22'),(986,52,36,0.24,'2025-02-28 09:34:22'),(987,52,29,0.21,'2025-02-28 09:34:22'),(988,52,42,0.18,'2025-02-28 09:34:22'),(989,52,43,0.18,'2025-02-28 09:34:22'),(990,52,45,0.18,'2025-02-28 09:34:22'),(991,52,20,0.16,'2025-02-28 09:34:22'),(992,52,4,0.13,'2025-02-28 09:34:22'),(993,52,18,0.1,'2025-02-28 09:34:22'),(994,52,22,0.1,'2025-02-28 09:34:22'),(995,52,23,0.08,'2025-02-28 09:34:22'),(996,52,41,0.08,'2025-02-28 09:34:22'),(997,52,7,0.07,'2025-02-28 09:34:22'),(998,52,12,0.07,'2025-02-28 09:34:22'),(999,52,13,0.07,'2025-02-28 09:34:22'),(1000,52,21,0.07,'2025-02-28 09:34:22'),(1001,52,31,0.07,'2025-02-28 09:34:22');
/*!40000 ALTER TABLE `similarity_scores` ENABLE KEYS */;
UNLOCK TABLES;

--
-- Table structure for table `stopwords`
--

DROP TABLE IF EXISTS `stopwords`;
/*!40101 SET @saved_cs_client     = @@character_set_client */;
/*!50503 SET character_set_client = utf8mb4 */;
CREATE TABLE `stopwords` (
  `stopwordid` int NOT NULL AUTO_INCREMENT,
  `stopword` varchar(100) NOT NULL,
  PRIMARY KEY (`stopwordid`)
) ENGINE=InnoDB AUTO_INCREMENT=318 DEFAULT CHARSET=utf8mb4 COLLATE=utf8mb4_general_ci;
/*!40101 SET character_set_client = @saved_cs_client */;

--
-- Dumping data for table `stopwords`
--

LOCK TABLES `stopwords` WRITE;
/*!40000 ALTER TABLE `stopwords` DISABLE KEYS */;
INSERT INTO `stopwords` VALUES (1,'a'),(2,'about'),(3,'above'),(4,'across'),(5,'after'),(6,'afterwards'),(7,'again'),(8,'against'),(9,'all'),(10,'almost'),(11,'alone'),(12,'along'),(13,'already'),(14,'also'),(15,'although'),(16,'always'),(17,'am'),(18,'among'),(19,'amongst'),(20,'amoungst'),(21,'amount'),(22,'an'),(23,'and'),(24,'another'),(25,'any'),(26,'anyhow'),(27,'anyone'),(28,'anything'),(29,'anyway'),(30,'anyways'),(31,'anywhere'),(32,'apart'),(33,'are'),(34,'around'),(35,'as'),(36,'at'),(37,'back'),(38,'be'),(39,'became'),(40,'because'),(41,'become'),(42,'becomes'),(43,'becoming'),(44,'been'),(45,'before'),(46,'beforehand'),(47,'behind'),(48,'being'),(49,'below'),(50,'beside'),(51,'besides'),(52,'between'),(53,'beyond'),(54,'both'),(55,'bottom'),(56,'but'),(57,'by'),(58,'call'),(59,'can'),(60,'cannot'),(61,'ca'),(62,'could'),(63,'did'),(64,'do'),(65,'does'),(66,'doing'),(67,'done'),(68,'down'),(69,'due'),(70,'during'),(71,'each'),(72,'eight'),(73,'either'),(74,'eleven'),(75,'else'),(76,'elsewhere'),(77,'empty'),(78,'enough'),(79,'entirely'),(80,'especially'),(81,'even'),(82,'ever'),(83,'every'),(84,'everyone'),(85,'everything'),(86,'everywhere'),(87,'except'),(88,'few'),(89,'fifteen'),(90,'fifty'),(91,'first'),(92,'five'),(93,'for'),(94,'former'),(95,'formerly'),(96,'forty'),(97,'four'),(98,'from'),(99,'front'),(100,'further'),(101,'get'),(102,'give'),(103,'go'),(104,'got'),(105,'had'),(106,'has'),(107,'hasnt'),(108,'have'),(109,'he'),(110,'hence'),(111,'her'),(112,'here'),(113,'hereafter'),(114,'hereby'),(115,'herein'),(116,'hereupon'),(117,'hers'),(118,'herself'),(119,'him'),(120,'himself'),(121,'his'),(122,'how'),(123,'however'),(124,'hundred'),(125,'i'),(126,'if'),(127,'in'),(128,'indeed'),(129,'into'),(130,'is'),(131,'it'),(132,'its'),(133,'itself'),(134,'just'),(135,'keep'),(136,'last'),(137,'latter'),(138,'latterly'),(139,'least'),(140,'less'),(141,'like'),(142,'likely'),(143,'little'),(144,'made'),(145,'make'),(146,'many'),(147,'may'),(148,'me'),(149,'meanwhile'),(150,'might'),(151,'mine'),(152,'more'),(153,'moreover'),(154,'most'),(155,'mostly'),(156,'move'),(157,'much'),(158,'must'),(159,'my'),(160,'myself'),(161,'name'),(162,'namely'),(163,'neither'),(164,'never'),(165,'nevertheless'),(166,'new'),(167,'next'),(168,'nine'),(169,'no'),(170,'nobody'),(171,'none'),(172,'noone'),(173,'nor'),(174,'not'),(175,'nothing'),(176,'now'),(177,'nowhere'),(178,'of'),(179,'off'),(180,'often'),(181,'on'),(182,'once'),(183,'one'),(184,'only'),(185,'onto'),(186,'or'),(187,'other'),(188,'others'),(189,'otherwise'),(190,'our'),(191,'ours'),(192,'ourselves'),(193,'out'),(194,'over'),(195,'own'),(196,'part'),(197,'particular'),(198,'particularly'),(199,'per'),(200,'perhaps'),(201,'please'),(202,'put'),(203,'rather'),(204,'re'),(205,'really'),(206,'regarding'),(207,'same'),(208,'say'),(209,'see'),(210,'seem'),(211,'seemed'),(212,'seeming'),(213,'seems'),(214,'serious'),(215,'several'),(216,'she'),(217,'should'),(218,'show'),(219,'side'),(220,'since'),(221,'six'),(222,'sixty'),(223,'so'),(224,'some'),(225,'somehow'),(226,'someone'),(227,'something'),(228,'sometime'),(229,'sometimes'),(230,'somewhere'),(231,'still'),(232,'such'),(233,'take'),(234,'ten'),(235,'than'),(236,'that'),(237,'the'),(238,'their'),(239,'theirs'),(240,'them'),(241,'themselves'),(242,'then'),(243,'thence'),(244,'there'),(245,'thereafter'),(246,'thereby'),(247,'therefore'),(248,'therein'),(249,'thereupon'),(250,'these'),(251,'they'),(252,'third'),(253,'this'),(254,'those'),(255,'though'),(256,'three'),(257,'through'),(258,'throughout'),(259,'thru'),(260,'thus'),(261,'to'),(262,'together'),(263,'too'),(264,'top'),(265,'toward'),(266,'towards'),(267,'twelve'),(268,'twenty'),(269,'two'),(270,'under'),(271,'unless'),(272,'until'),(273,'up'),(274,'upon'),(275,'us'),(276,'used'),(277,'using'),(278,'various'),(279,'very'),(280,'via'),(281,'was'),(282,'we'),(283,'well'),(284,'were'),(285,'what'),(286,'whatever'),(287,'when'),(288,'whence'),(289,'whenever'),(290,'where'),(291,'whereafter'),(292,'whereas'),(293,'whereby'),(294,'wherein'),(295,'whereupon'),(296,'wherever'),(297,'whether'),(298,'which'),(299,'while'),(300,'whither'),(301,'who'),(302,'whoever'),(303,'whole'),(304,'whom'),(305,'whose'),(306,'why'),(307,'will'),(308,'with'),(309,'within'),(310,'without'),(311,'would'),(312,'yet'),(313,'you'),(314,'your'),(315,'yours'),(316,'yourself'),(317,'yourselves');
/*!40000 ALTER TABLE `stopwords` ENABLE KEYS */;
UNLOCK TABLES;

--
-- Table structure for table `subscription_slab`
--

DROP TABLE IF EXISTS `subscription_slab`;
/*!40101 SET @saved_cs_client     = @@character_set_client */;
/*!50503 SET character_set_client = utf8mb4 */;
CREATE TABLE `subscription_slab` (
  `slabid` int NOT NULL AUTO_INCREMENT,
  `slab_name` varchar(45) DEFAULT NULL,
  `credit_count` int NOT NULL,
  `ai_assisted` varchar(45) NOT NULL DEFAULT 'no',
  `slab_status` varchar(45) NOT NULL DEFAULT 'active',
  PRIMARY KEY (`slabid`)
) ENGINE=InnoDB AUTO_INCREMENT=4 DEFAULT CHARSET=utf8mb4 COLLATE=utf8mb4_general_ci;
/*!40101 SET character_set_client = @saved_cs_client */;

--
-- Dumping data for table `subscription_slab`
--

LOCK TABLES `subscription_slab` WRITE;
/*!40000 ALTER TABLE `subscription_slab` DISABLE KEYS */;
INSERT INTO `subscription_slab` VALUES (1,'starter',20,'no','active'),(3,'Advanced',40,'no','deactive');
/*!40000 ALTER TABLE `subscription_slab` ENABLE KEYS */;
UNLOCK TABLES;

--
-- Table structure for table `users`
--

DROP TABLE IF EXISTS `users`;
/*!40101 SET @saved_cs_client     = @@character_set_client */;
/*!50503 SET character_set_client = utf8mb4 */;
CREATE TABLE `users` (
  `userid` int NOT NULL AUTO_INCREMENT,
  `slabid` int NOT NULL DEFAULT '1',
  `granted_credits` int NOT NULL DEFAULT '0',
  `firstname` varchar(100) NOT NULL,
  `lastname` varchar(100) DEFAULT NULL,
  `emailid` varchar(100) NOT NULL,
  `username` varchar(255) NOT NULL,
  `encrypted_password` varbinary(255) NOT NULL,
  `secret_key` varchar(45) NOT NULL,
  `privillage` varchar(45) NOT NULL DEFAULT 'user',
  `creationtime` datetime DEFAULT NULL,
  `accountstatus` varchar(45) NOT NULL DEFAULT 'active',
  PRIMARY KEY (`userid`),
  UNIQUE KEY `checkmate` (`emailid`,`username`),
  KEY `ref_subscription_slab_users_idx` (`slabid`),
  CONSTRAINT `ref_subscription_slab_users` FOREIGN KEY (`slabid`) REFERENCES `subscription_slab` (`slabid`) ON DELETE CASCADE ON UPDATE CASCADE
) ENGINE=InnoDB AUTO_INCREMENT=12 DEFAULT CHARSET=utf8mb4 COLLATE=utf8mb4_general_ci;
/*!40101 SET character_set_client = @saved_cs_client */;

--
-- Dumping data for table `users`
--

LOCK TABLES `users` WRITE;
/*!40000 ALTER TABLE `users` DISABLE KEYS */;
INSERT INTO `users` VALUES (1,1,0,'Admin','Jakkam','tarzanjakkampudi2003@gmail.com','Admin',_binary '  \ \ \r  \ 9-m\ Y','Snake','admin','2025-02-18 19:19:19','active'),(2,1,5,'Venkatasubbaiah','Jakkampudi','vsjakkampudi@gmail.com','Venkatasubbaiah',_binary '\ \n\ \ \ q   D %','i2d4nhciv0','user','2025-02-19 18:14:39','active'),(3,1,0,'Subbitron','-','jakkampudivenkat2003@gmail.com','Subbitron',_binary 'q  \ \ / ?x\ {G  \  ','e9qqcukvhp','user','2025-02-19 22:54:08','active'),(6,1,0,'Varun','Tej','Varun@gmail.com','Varun',_binary '8  8I \ j cB, O','ae24ij24','user','2025-02-22 04:47:24','active'),(8,1,0,'Test','User','Testuser@gmail.com','Testuser',_binary ' 1     /g 9x O','odhfc5kfug','user','2025-02-27 13:18:10','active'),(11,1,0,'Tester','User2','Testinguser2@gmail.com','Testinguser2',_binary 'l  j \ ~  tk\   ','l3pjggh1qn','user','2025-02-27 13:20:51','active');
/*!40000 ALTER TABLE `users` ENABLE KEYS */;
UNLOCK TABLES;
/*!40103 SET TIME_ZONE=@OLD_TIME_ZONE */;

/*!40101 SET SQL_MODE=@OLD_SQL_MODE */;
/*!40014 SET FOREIGN_KEY_CHECKS=@OLD_FOREIGN_KEY_CHECKS */;
/*!40014 SET UNIQUE_CHECKS=@OLD_UNIQUE_CHECKS */;
/*!40101 SET CHARACTER_SET_CLIENT=@OLD_CHARACTER_SET_CLIENT */;
/*!40101 SET CHARACTER_SET_RESULTS=@OLD_CHARACTER_SET_RESULTS */;
/*!40101 SET COLLATION_CONNECTION=@OLD_COLLATION_CONNECTION */;
/*!40111 SET SQL_NOTES=@OLD_SQL_NOTES */;

-- Dump completed on 2025-02-28  9:44:37
